NOAA ERSSTv6 data: https://psl.noaa.gov/data/gridded/data.noaa.ersst.v6.html
MON/MMM    : month for Nino34 values, 3-month season centered on that month for ONI
NINO34_MEAN: monthly average SST (°C) in Nino3.4 region (5S-5N,190E-240E)
NINO34_CLIM: climatological 30-year monthly average SST, updated every 5 years
NINO34_ANOM: difference between the monthly mean and the climatological value
ONI        : 3-month average anomaly (°C) centered on given month (01=DJF,08=JAS,etc)
PHASE      : flags ONI value as Missing (M), El Nino (E), Neutral (N), La Nina (L)
Data table generated by Brian McNoldy, University of Miami (bmcnoldy@miami.edu)
This table and graphics available at https://bmcnoldy.earth.miami.edu/tropics/oni/

YEAR  MON/MMM  NINO34_MEAN  NINO34_CLIM  NINO34_ANOM          ONI  PHASE
1850       01        25.99       -99.99       -99.99       -99.99      M
1850       02        25.36       -99.99       -99.99       -99.99      M
1850       03        25.09       -99.99       -99.99       -99.99      M
1850       04        26.23       -99.99       -99.99       -99.99      M
1850       05        27.41       -99.99       -99.99       -99.99      M
1850       06        26.86       -99.99       -99.99       -99.99      M
1850       07        27.38       -99.99       -99.99       -99.99      M
1850       08        26.32       -99.99       -99.99       -99.99      M
1850       09        26.57       -99.99       -99.99       -99.99      M
1850       10        27.01       -99.99       -99.99       -99.99      M
1850       11        26.13       -99.99       -99.99       -99.99      M
1850       12        25.57       -99.99       -99.99       -99.99      M
1851       01        25.78       -99.99       -99.99       -99.99      M
1851       02        25.39       -99.99       -99.99       -99.99      M
1851       03        26.23       -99.99       -99.99       -99.99      M
1851       04        26.35       -99.99       -99.99       -99.99      M
1851       05        27.73       -99.99       -99.99       -99.99      M
1851       06        27.24       -99.99       -99.99       -99.99      M
1851       07        27.22       -99.99       -99.99       -99.99      M
1851       08        27.02       -99.99       -99.99       -99.99      M
1851       09        27.48       -99.99       -99.99       -99.99      M
1851       10        25.45       -99.99       -99.99       -99.99      M
1851       11        26.07       -99.99       -99.99       -99.99      M
1851       12        26.16       -99.99       -99.99       -99.99      M
1852       01        24.70       -99.99       -99.99       -99.99      M
1852       02        25.38       -99.99       -99.99       -99.99      M
1852       03        26.01       -99.99       -99.99       -99.99      M
1852       04        26.79       -99.99       -99.99       -99.99      M
1852       05        27.14       -99.99       -99.99       -99.99      M
1852       06        26.66       -99.99       -99.99       -99.99      M
1852       07        27.70       -99.99       -99.99       -99.99      M
1852       08        25.70       -99.99       -99.99       -99.99      M
1852       09        27.52       -99.99       -99.99       -99.99      M
1852       10        26.85       -99.99       -99.99       -99.99      M
1852       11        26.70       -99.99       -99.99       -99.99      M
1852       12        25.94       -99.99       -99.99       -99.99      M
1853       01        25.94       -99.99       -99.99       -99.99      M
1853       02        26.33       -99.99       -99.99       -99.99      M
1853       03        26.97       -99.99       -99.99       -99.99      M
1853       04        26.93       -99.99       -99.99       -99.99      M
1853       05        27.69       -99.99       -99.99       -99.99      M
1853       06        28.05       -99.99       -99.99       -99.99      M
1853       07        26.67       -99.99       -99.99       -99.99      M
1853       08        26.09       -99.99       -99.99       -99.99      M
1853       09        25.91       -99.99       -99.99       -99.99      M
1853       10        25.99       -99.99       -99.99       -99.99      M
1853       11        27.10       -99.99       -99.99       -99.99      M
1853       12        26.62       -99.99       -99.99       -99.99      M
1854       01        26.16       -99.99       -99.99       -99.99      M
1854       02        25.86       -99.99       -99.99       -99.99      M
1854       03        26.66       -99.99       -99.99       -99.99      M
1854       04        27.44       -99.99       -99.99       -99.99      M
1854       05        27.93       -99.99       -99.99       -99.99      M
1854       06        27.65       -99.99       -99.99       -99.99      M
1854       07        26.78       -99.99       -99.99       -99.99      M
1854       08        25.37       -99.99       -99.99       -99.99      M
1854       09        25.67       -99.99       -99.99       -99.99      M
1854       10        27.04       -99.99       -99.99       -99.99      M
1854       11        25.68       -99.99       -99.99       -99.99      M
1854       12        25.14       -99.99       -99.99       -99.99      M
1855       01        26.40       -99.99       -99.99       -99.99      M
1855       02        27.10       -99.99       -99.99       -99.99      M
1855       03        26.91       -99.99       -99.99       -99.99      M
1855       04        27.77       -99.99       -99.99       -99.99      M
1855       05        27.67       -99.99       -99.99       -99.99      M
1855       06        27.11       -99.99       -99.99       -99.99      M
1855       07        26.92       -99.99       -99.99       -99.99      M
1855       08        27.20       -99.99       -99.99       -99.99      M
1855       09        26.02       -99.99       -99.99       -99.99      M
1855       10        27.19       -99.99       -99.99       -99.99      M
1855       11        27.36       -99.99       -99.99       -99.99      M
1855       12        28.91       -99.99       -99.99       -99.99      M
1856       01        27.19       -99.99       -99.99       -99.99      M
1856       02        27.10       -99.99       -99.99       -99.99      M
1856       03        27.33       -99.99       -99.99       -99.99      M
1856       04        27.09       -99.99       -99.99       -99.99      M
1856       05        26.69       -99.99       -99.99       -99.99      M
1856       06        26.19       -99.99       -99.99       -99.99      M
1856       07        26.32       -99.99       -99.99       -99.99      M
1856       08        25.21       -99.99       -99.99       -99.99      M
1856       09        24.84       -99.99       -99.99       -99.99      M
1856       10        24.58       -99.99       -99.99       -99.99      M
1856       11        24.60       -99.99       -99.99       -99.99      M
1856       12        23.45       -99.99       -99.99       -99.99      M
1857       01        24.31       -99.99       -99.99       -99.99      M
1857       02        25.11       -99.99       -99.99       -99.99      M
1857       03        24.70       -99.99       -99.99       -99.99      M
1857       04        26.56       -99.99       -99.99       -99.99      M
1857       05        27.27       -99.99       -99.99       -99.99      M
1857       06        27.38       -99.99       -99.99       -99.99      M
1857       07        26.24       -99.99       -99.99       -99.99      M
1857       08        25.84       -99.99       -99.99       -99.99      M
1857       09        26.21       -99.99       -99.99       -99.99      M
1857       10        26.08       -99.99       -99.99       -99.99      M
1857       11        26.02       -99.99       -99.99       -99.99      M
1857       12        25.40       -99.99       -99.99       -99.99      M
1858       01        27.48       -99.99       -99.99       -99.99      M
1858       02        26.77       -99.99       -99.99       -99.99      M
1858       03        26.96       -99.99       -99.99       -99.99      M
1858       04        27.04       -99.99       -99.99       -99.99      M
1858       05        27.85       -99.99       -99.99       -99.99      M
1858       06        27.30       -99.99       -99.99       -99.99      M
1858       07        26.51       -99.99       -99.99       -99.99      M
1858       08        26.38       -99.99       -99.99       -99.99      M
1858       09        26.05       -99.99       -99.99       -99.99      M
1858       10        26.23       -99.99       -99.99       -99.99      M
1858       11        26.46       -99.99       -99.99       -99.99      M
1858       12        26.20       -99.99       -99.99       -99.99      M
1859       01        25.66       -99.99       -99.99       -99.99      M
1859       02        26.59       -99.99       -99.99       -99.99      M
1859       03        26.87       -99.99       -99.99       -99.99      M
1859       04        25.72       -99.99       -99.99       -99.99      M
1859       05        27.17       -99.99       -99.99       -99.99      M
1859       06        26.48       -99.99       -99.99       -99.99      M
1859       07        26.06       -99.99       -99.99       -99.99      M
1859       08        26.97       -99.99       -99.99       -99.99      M
1859       09        24.74       -99.99       -99.99       -99.99      M
1859       10        26.47       -99.99       -99.99       -99.99      M
1859       11        26.18       -99.99       -99.99       -99.99      M
1859       12        25.63       -99.99       -99.99       -99.99      M
1860       01        25.49       -99.99       -99.99       -99.99      M
1860       02        26.00       -99.99       -99.99       -99.99      M
1860       03        26.50       -99.99       -99.99       -99.99      M
1860       04        26.06       -99.99       -99.99       -99.99      M
1860       05        28.11       -99.99       -99.99       -99.99      M
1860       06        27.16       -99.99       -99.99       -99.99      M
1860       07        25.35       -99.99       -99.99       -99.99      M
1860       08        26.73       -99.99       -99.99       -99.99      M
1860       09        26.45       -99.99       -99.99       -99.99      M
1860       10        24.29       -99.99       -99.99       -99.99      M
1860       11        26.47       -99.99       -99.99       -99.99      M
1860       12        25.30       -99.99       -99.99       -99.99      M
1861       01        27.02       -99.99       -99.99       -99.99      M
1861       02        24.63       -99.99       -99.99       -99.99      M
1861       03        24.86       -99.99       -99.99       -99.99      M
1861       04        27.35       -99.99       -99.99       -99.99      M
1861       05        26.12       -99.99       -99.99       -99.99      M
1861       06        27.00       -99.99       -99.99       -99.99      M
1861       07        27.20       -99.99       -99.99       -99.99      M
1861       08        25.31       -99.99       -99.99       -99.99      M
1861       09        24.62       -99.99       -99.99       -99.99      M
1861       10        26.92       -99.99       -99.99       -99.99      M
1861       11        24.53       -99.99       -99.99       -99.99      M
1861       12        25.97       -99.99       -99.99       -99.99      M
1862       01        25.17       -99.99       -99.99       -99.99      M
1862       02        26.05       -99.99       -99.99       -99.99      M
1862       03        26.38       -99.99       -99.99       -99.99      M
1862       04        26.78       -99.99       -99.99       -99.99      M
1862       05        26.72       -99.99       -99.99       -99.99      M
1862       06        27.60       -99.99       -99.99       -99.99      M
1862       07        27.68       -99.99       -99.99       -99.99      M
1862       08        24.93       -99.99       -99.99       -99.99      M
1862       09        25.51       -99.99       -99.99       -99.99      M
1862       10        26.95       -99.99       -99.99       -99.99      M
1862       11        25.43       -99.99       -99.99       -99.99      M
1862       12        23.41       -99.99       -99.99       -99.99      M
1863       01        25.90       -99.99       -99.99       -99.99      M
1863       02        26.09       -99.99       -99.99       -99.99      M
1863       03        25.34       -99.99       -99.99       -99.99      M
1863       04        26.46       -99.99       -99.99       -99.99      M
1863       05        26.57       -99.99       -99.99       -99.99      M
1863       06        24.98       -99.99       -99.99       -99.99      M
1863       07        24.41       -99.99       -99.99       -99.99      M
1863       08        25.37       -99.99       -99.99       -99.99      M
1863       09        23.86       -99.99       -99.99       -99.99      M
1863       10        23.80       -99.99       -99.99       -99.99      M
1863       11        24.47       -99.99       -99.99       -99.99      M
1863       12        25.33       -99.99       -99.99       -99.99      M
1864       01        25.11       -99.99       -99.99       -99.99      M
1864       02        24.23       -99.99       -99.99       -99.99      M
1864       03        25.54       -99.99       -99.99       -99.99      M
1864       04        28.54       -99.99       -99.99       -99.99      M
1864       05        27.04       -99.99       -99.99       -99.99      M
1864       06        27.66       -99.99       -99.99       -99.99      M
1864       07        25.82       -99.99       -99.99       -99.99      M
1864       08        27.46       -99.99       -99.99       -99.99      M
1864       09        27.99       -99.99       -99.99       -99.99      M
1864       10        28.10       -99.99       -99.99       -99.99      M
1864       11        27.46       -99.99       -99.99       -99.99      M
1864       12        27.66       -99.99       -99.99       -99.99      M
1865       01        25.30       -99.99       -99.99       -99.99      M
1865       02        26.45       -99.99       -99.99       -99.99      M
1865       03        26.81       -99.99       -99.99       -99.99      M
1865       04        26.71       -99.99       -99.99       -99.99      M
1865       05        26.82       -99.99       -99.99       -99.99      M
1865       06        28.51       -99.99       -99.99       -99.99      M
1865       07        27.71       -99.99       -99.99       -99.99      M
1865       08        26.10       -99.99       -99.99       -99.99      M
1865       09        25.69       -99.99       -99.99       -99.99      M
1865       10        27.24       -99.99       -99.99       -99.99      M
1865       11        26.26       -99.99       -99.99       -99.99      M
1865       12        26.74       -99.99       -99.99       -99.99      M
1866       01        28.44        25.86         2.58       -99.99      M
1866       02        27.04        26.08         0.96         1.79      E
1866       03        28.29        26.45         1.84         0.35      N
1866       04        25.13        26.89        -1.76        -0.22      N
1866       05        26.34        27.09        -0.75        -0.28      N
1866       06        28.75        27.09         1.67         0.31      N
1866       07        26.63        26.61         0.01         1.01      E
1866       08        27.43        26.08         1.35         0.43      N
1866       09        25.77        25.86        -0.09        -0.07      N
1866       10        24.60        26.07        -1.47        -0.64      L
1866       11        25.65        26.00        -0.35        -1.27      L
1866       12        23.87        25.86        -1.99        -0.93      L
1867       01        25.41        25.86        -0.44        -1.74      L
1867       02        23.29        26.08        -2.80        -0.86      L
1867       03        27.10        26.45         0.65        -0.95      L
1867       04        26.17        26.89        -0.72        -0.13      N
1867       05        26.77        27.09        -0.32         0.12      N
1867       06        28.49        27.09         1.41         0.53      E
1867       07        27.11        26.61         0.49         0.16      N
1867       08        24.67        26.08        -1.40        -0.09      N
1867       09        26.51        25.86         0.65        -0.92      L
1867       10        24.06        26.07        -2.00        -0.52      L
1867       11        25.79        26.00        -0.20        -1.02      L
1867       12        25.00        25.86        -0.86        -0.63      L
1868       01        25.03        25.86        -0.83         0.19      N
1868       02        28.34        26.08         2.26         0.74      E
1868       03        27.24        26.45         0.80         0.80      E
1868       04        26.23        26.89        -0.66         0.04      N
1868       05        27.06        27.09        -0.02        -0.07      N
1868       06        27.55        27.09         0.46         0.30      N
1868       07        27.08        26.61         0.46         0.31      N
1868       08        26.07        26.08        -0.01        -0.11      N
1868       09        25.07        25.86        -0.78         0.14      N
1868       10        27.27        26.07         1.20         0.68      E
1868       11        27.62        26.00         1.63         1.15      E
1868       12        26.49        25.86         0.63         1.07      E
1869       01        26.81        25.86         0.95         0.72      E
1869       02        26.68        26.08         0.59         1.22      E
1869       03        28.55        26.45         2.11         0.70      E
1869       04        26.29        26.89        -0.59         0.73      E
1869       05        27.77        27.09         0.68        -0.10      N
1869       06        26.70        27.09        -0.39         0.29      N
1869       07        27.19        26.61         0.58         0.16      N
1869       08        26.35        26.08         0.28        -0.12      N
1869       09        24.66        25.86        -1.20        -0.39      N
1869       10        25.83        26.07        -0.24        -0.46      N
1869       11        26.05        26.00         0.05        -0.23      N
1869       12        25.35        25.86        -0.51        -0.40      N
1870       01        25.13        25.86        -0.73        -0.49      N
1870       02        25.85        26.08        -0.23        -1.00      L
1870       03        24.41        26.45        -2.04        -0.45      N
1870       04        27.80        26.89         0.91        -1.25      L
1870       05        24.48        27.09        -2.61        -1.30      L
1870       06        24.90        27.09        -2.19        -1.73      L
1870       07        26.21        26.61        -0.40        -1.18      L
1870       08        25.13        26.08        -0.95        -0.54      L
1870       09        25.59        25.86        -0.27        -0.93      L
1870       10        24.50        26.07        -1.56        -0.96      L
1870       11        24.96        26.00        -1.04        -0.94      L
1870       12        25.63        25.86        -0.23        -0.76      L
1871       01        24.92        25.93        -1.01        -0.63      L
1871       02        25.54        26.18        -0.64        -0.73      L
1871       03        26.00        26.54        -0.54        -0.23      N
1871       04        27.47        26.99         0.48        -0.29      N
1871       05        26.34        27.14        -0.81        -0.26      N
1871       06        26.66        27.10        -0.45        -0.89      L
1871       07        25.15        26.58        -1.43        -0.71      L
1871       08        25.83        26.08        -0.24        -0.25      N
1871       09        26.78        25.86         0.92         0.51      E
1871       10        26.89        26.04         0.85         0.29      N
1871       11        25.12        26.03        -0.91         0.08      N
1871       12        26.10        25.80         0.30        -0.22      N
1872       01        25.87        25.93        -0.06        -0.21      N
1872       02        25.30        26.18        -0.88        -0.39      N
1872       03        26.30        26.54        -0.23        -0.16      N
1872       04        27.60        26.99         0.62         0.06      N
1872       05        26.94        27.14        -0.20        -0.07      N
1872       06        26.48        27.10        -0.63        -0.47      N
1872       07        26.00        26.58        -0.58        -0.45      N
1872       08        25.93        26.08        -0.15        -0.45      N
1872       09        25.24        25.86        -0.62        -0.43      N
1872       10        25.52        26.04        -0.52        -0.69      L
1872       11        25.10        26.03        -0.94        -0.57      L
1872       12        25.56        25.80        -0.24        -0.51      L
1873       01        25.57        25.93        -0.36        -0.44      N
1873       02        25.46        26.18        -0.72        -0.77      L
1873       03        25.30        26.54        -1.24        -1.31      L
1873       04        25.01        26.99        -1.97        -1.06      L
1873       05        27.18        27.14         0.04        -0.57      L
1873       06        27.34        27.10         0.23         0.16      N
1873       07        26.79        26.58         0.22         0.33      N
1873       08        26.63        26.08         0.55         0.14      N
1873       09        25.52        25.86        -0.35         0.01      N
1873       10        25.86        26.04        -0.18        -0.32      N
1873       11        25.61        26.03        -0.43        -0.44      N
1873       12        25.11        25.80        -0.69        -0.71      L
1874       01        24.92        25.93        -1.01        -0.86      L
1874       02        25.29        26.18        -0.89        -1.04      L
1874       03        25.30        26.54        -1.23        -1.02      L
1874       04        26.04        26.99        -0.94        -0.40      N
1874       05        28.13        27.14         0.99        -0.39      N
1874       06        25.89        27.10        -1.22         0.01      N
1874       07        26.83        26.58         0.25        -0.69      L
1874       08        24.97        26.08        -1.11        -0.47      N
1874       09        25.31        25.86        -0.55        -0.83      L
1874       10        25.22        26.04        -0.82        -0.83      L
1874       11        24.91        26.03        -1.13        -0.96      L
1874       12        24.89        25.80        -0.92        -0.67      L
1875       01        25.97        25.93         0.04        -0.46      N
1875       02        25.68        26.18        -0.50        -0.14      N
1875       03        26.57        26.54         0.04        -0.26      N
1875       04        26.67        26.99        -0.32        -0.17      N
1875       05        26.93        27.14        -0.22        -0.40      N
1875       06        26.44        27.10        -0.66        -0.35      N
1875       07        26.41        26.58        -0.17        -0.55      L
1875       08        25.23        26.08        -0.84        -0.40      N
1875       09        25.67        25.86        -0.19        -0.24      N
1875       10        26.37        26.04         0.32        -0.12      N
1875       11        25.53        26.03        -0.50         0.02      N
1875       12        26.03        25.80         0.23        -0.11      N
1876       01        25.89        25.94        -0.06         0.20      N
1876       02        26.62        26.20         0.42         0.07      N
1876       03        26.44        26.59        -0.15        -0.21      N
1876       04        26.23        27.12        -0.89        -0.30      N
1876       05        27.27        27.11         0.16        -0.59      L
1876       06        26.06        27.09        -1.03        -0.16      N
1876       07        27.02        26.62         0.40        -0.22      N
1876       08        25.98        26.00        -0.02         0.02      N
1876       09        25.53        25.86        -0.33         0.15      N
1876       10        26.83        26.04         0.79         0.49      N
1876       11        27.01        26.01         1.01         0.97      E
1876       12        27.07        25.94         1.13         0.96      E
1877       01        26.68        25.94         0.74         1.30      E
1877       02        28.25        26.20         2.05         1.04      E
1877       03        26.91        26.59         0.33         1.40      E
1877       04        28.94        27.12         1.82         1.18      E
1877       05        28.49        27.11         1.38         1.47      E
1877       06        28.29        27.09         1.20         1.65      E
1877       07        29.00        26.62         2.38         2.05      E
1877       08        28.57        26.00         2.57         2.48      E
1877       09        28.33        25.86         2.48         2.55      E
1877       10        28.64        26.04         2.60         2.68      E
1877       11        28.97        26.01         2.96         2.76      E
1877       12        28.66        25.94         2.72         2.84      E
1878       01        28.78        25.94         2.84         2.49      E
1878       02        28.10        26.20         1.90         2.26      E
1878       03        28.63        26.59         2.04         1.80      E
1878       04        28.58        27.12         1.46         1.39      E
1878       05        27.77        27.11         0.65         1.20      E
1878       06        28.58        27.09         1.50         0.94      E
1878       07        27.28        26.62         0.66         0.76      E
1878       08        26.12        26.00         0.13         0.22      N
1878       09        25.74        25.86        -0.11        -0.18      N
1878       10        25.49        26.04        -0.55        -0.42      N
1878       11        25.40        26.01        -0.61        -0.46      N
1878       12        25.71        25.94        -0.23        -0.67      L
1879       01        24.79        25.94        -1.16        -0.44      N
1879       02        26.26        26.20         0.06        -0.32      N
1879       03        26.72        26.59         0.13         0.09      N
1879       04        27.21        27.12         0.08        -0.16      N
1879       05        26.41        27.11        -0.70        -0.38      N
1879       06        26.58        27.09        -0.51        -0.82      L
1879       07        25.37        26.62        -1.25        -0.78      L
1879       08        25.42        26.00        -0.58        -0.56      L
1879       09        26.00        25.86         0.14        -0.53      L
1879       10        24.90        26.04        -1.14        -0.76      L
1879       11        24.73        26.01        -1.28        -0.93      L
1879       12        25.58        25.94        -0.37        -1.22      L
1880       01        23.92        25.94        -2.02        -0.94      L
1880       02        25.78        26.20        -0.42        -1.16      L
1880       03        25.55        26.59        -1.03        -0.31      N
1880       04        27.65        27.12         0.53        -0.46      N
1880       05        26.23        27.11        -0.89        -0.18      N
1880       06        26.90        27.09        -0.19        -0.64      L
1880       07        25.76        26.62        -0.85        -0.25      N
1880       08        26.30        26.00         0.30        -0.30      N
1880       09        25.50        25.86        -0.36         0.25      N
1880       10        26.83        26.04         0.79         0.34      N
1880       11        26.60        26.01         0.60         0.77      E
1880       12        26.87        25.94         0.93         0.67      E
1881       01        26.48        26.00         0.48         0.67      E
1881       02        26.86        26.26         0.61         0.43      N
1881       03        26.93        26.71         0.22         0.41      N
1881       04        27.48        27.07         0.41         0.40      N
1881       05        27.81        27.23         0.57         0.55      E
1881       06        27.68        27.02         0.66         0.49      N
1881       07        26.87        26.65         0.22         0.31      N
1881       08        26.07        26.02         0.04         0.40      N
1881       09        26.81        25.88         0.92         0.36      N
1881       10        25.97        25.87         0.10         0.42      N
1881       11        26.29        26.06         0.23         0.10      N
1881       12        25.88        25.90        -0.03         0.16      N
1882       01        26.28        26.00         0.28         0.04      N
1882       02        26.13        26.26        -0.13         0.05      N
1882       03        26.70        26.71        -0.01         0.21      N
1882       04        27.83        27.07         0.76         0.41      N
1882       05        27.73        27.23         0.50         0.35      N
1882       06        26.81        27.02        -0.21         0.01      N
1882       07        26.40        26.65        -0.25        -0.17      N
1882       08        25.98        26.02        -0.05         0.05      N
1882       09        26.33        25.88         0.45        -0.01      N
1882       10        25.43        25.87        -0.44        -0.17      N
1882       11        25.53        26.06        -0.52        -0.63      L
1882       12        24.97        25.90        -0.93        -0.65      L
1883       01        25.51        26.00        -0.49        -0.48      N
1883       02        26.24        26.26        -0.02         0.19      N
1883       03        27.80        26.71         1.09         0.83      E
1883       04        28.50        27.07         1.43         1.09      E
1883       05        27.99        27.23         0.76         0.83      E
1883       06        27.34        27.02         0.32         0.48      N
1883       07        27.02        26.65         0.38         0.38      N
1883       08        26.47        26.02         0.45         0.39      N
1883       09        26.24        25.88         0.36         0.31      N
1883       10        25.99        25.87         0.12         0.43      N
1883       11        26.88        26.06         0.83         0.44      N
1883       12        26.27        25.90         0.37         0.46      N
1884       01        26.18        26.00         0.18         0.37      N
1884       02        26.83        26.26         0.58         0.36      N
1884       03        27.05        26.71         0.33         0.35      N
1884       04        27.20        27.07         0.13         0.56      E
1884       05        28.46        27.23         1.22         0.66      E
1884       06        27.64        27.02         0.62         0.69      E
1884       07        26.87        26.65         0.23         0.40      N
1884       08        26.39        26.02         0.36         0.48      N
1884       09        26.73        25.88         0.85         0.66      E
1884       10        26.62        25.87         0.75         1.06      E
1884       11        27.63        26.06         1.57         1.11      E
1884       12        26.92        25.90         1.01         1.10      E
1885       01        26.70        26.00         0.70         0.75      E
1885       02        26.79        26.26         0.53         0.50      N
1885       03        26.97        26.71         0.25         0.32      N
1885       04        27.24        27.07         0.17         0.33      N
1885       05        27.79        27.23         0.56         0.47      N
1885       06        27.72        27.02         0.70         0.55      E
1885       07        27.04        26.65         0.39         0.50      E
1885       08        26.45        26.02         0.42         0.50      E
1885       09        26.59        25.88         0.70         1.02      E
1885       10        27.79        25.87         1.92         1.44      E
1885       11        27.76        26.06         1.71         1.58      E
1885       12        27.02        25.90         1.12         1.29      E
1886       01        27.14        26.10         1.04         0.69      E
1886       02        26.26        26.33        -0.07         0.22      N
1886       03        26.39        26.68        -0.29        -0.10      N
1886       04        27.33        27.27         0.06        -0.19      N
1886       05        27.07        27.40        -0.33        -0.49      N
1886       06        25.85        27.06        -1.21        -0.85      L
1886       07        25.67        26.69        -1.03        -0.94      L
1886       08        25.54        26.12        -0.58        -0.74      L
1886       09        25.44        26.06        -0.62        -0.81      L
1886       10        24.88        26.09        -1.21        -0.94      L
1886       11        25.15        26.13        -0.98        -1.29      L
1886       12        24.45        26.14        -1.68        -1.43      L
1887       01        24.48        26.10        -1.62        -1.61      L
1887       02        24.81        26.33        -1.52        -1.36      L
1887       03        25.73        26.68        -0.95        -1.15      L
1887       04        26.28        27.27        -0.99        -1.03      L
1887       05        26.25        27.40        -1.14        -0.93      L
1887       06        26.42        27.06        -0.64        -0.63      L
1887       07        26.59        26.69        -0.11        -0.25      N
1887       08        26.12        26.12        -0.00        -0.03      N
1887       09        26.08        26.06         0.01        -0.10      N
1887       10        25.78        26.09        -0.31        -0.13      N
1887       11        26.04        26.13        -0.09        -0.12      N
1887       12        26.20        26.14         0.06         0.15      N
1888       01        26.58        26.10         0.48         0.40      N
1888       02        26.99        26.33         0.66         0.76      E
1888       03        27.80        26.68         1.12         0.83      E
1888       04        27.97        27.27         0.71         0.86      E
1888       05        28.15        27.40         0.75         0.79      E
1888       06        27.98        27.06         0.91         0.80      E
1888       07        27.43        26.69         0.74         0.98      E
1888       08        27.42        26.12         1.29         0.88      E
1888       09        26.67        26.06         0.61         1.31      E
1888       10        28.10        26.09         2.01         1.55      E
1888       11        28.15        26.13         2.02         2.06      E
1888       12        28.28        26.14         2.15         2.25      E
1889       01        28.67        26.10         2.58         2.18      E
1889       02        28.14        26.33         1.81         1.86      E
1889       03        27.88        26.68         1.20         1.37      E
1889       04        28.36        27.27         1.09         0.98      E
1889       05        28.06        27.40         0.66         0.59      E
1889       06        27.07        27.06         0.01        -0.04      N
1889       07        25.89        26.69        -0.80        -0.59      L
1889       08        25.15        26.12        -0.97        -0.98      L
1889       09        24.89        26.06        -1.18        -1.41      L
1889       10        24.02        26.09        -2.07        -1.57      L
1889       11        24.66        26.13        -1.47        -1.53      L
1889       12        25.09        26.14        -1.05        -1.65      L
1890       01        23.66        26.10        -2.44        -1.29      L
1890       02        25.96        26.33        -0.37        -1.14      L
1890       03        26.08        26.68        -0.60        -0.56      L
1890       04        26.55        27.27        -0.72        -0.65      L
1890       05        26.75        27.40        -0.64        -0.54      L
1890       06        26.80        27.06        -0.26        -0.49      N
1890       07        26.12        26.69        -0.57        -0.80      L
1890       08        24.54        26.12        -1.58        -1.06      L
1890       09        25.05        26.06        -1.01        -1.27      L
1890       10        24.89        26.09        -1.20        -1.15      L
1890       11        24.91        26.13        -1.23        -0.80      L
1890       12        26.17        26.14         0.04        -0.25      N
1891       01        26.71        26.26         0.45         0.17      N
1891       02        26.55        26.52         0.03         0.46      N
1891       03        27.78        26.90         0.89         0.27      N
1891       04        27.35        27.45        -0.10         0.51      E
1891       05        28.26        27.52         0.75         0.29      N
1891       06        27.48        27.24         0.24         0.39      N
1891       07        27.04        26.85         0.19         0.02      N
1891       08        25.94        26.31        -0.37        -0.10      N
1891       09        26.11        26.22        -0.11        -0.03      N
1891       10        26.57        26.19         0.38         0.07      N
1891       11        26.30        26.37        -0.07        -0.11      N
1891       12        25.73        26.36        -0.63        -0.15      N
1892       01        26.52        26.26         0.26        -0.19      N
1892       02        26.31        26.52        -0.21        -0.19      N
1892       03        26.28        26.90        -0.61        -0.53      L
1892       04        26.68        27.45        -0.77        -0.44      N
1892       05        27.58        27.52         0.06        -0.52      L
1892       06        26.39        27.24        -0.84        -0.39      N
1892       07        26.46        26.85        -0.39        -0.63      L
1892       08        25.64        26.31        -0.67        -0.87      L
1892       09        24.68        26.22        -1.54        -1.43      L
1892       10        24.12        26.19        -2.07        -1.71      L
1892       11        24.86        26.37        -1.51        -1.66      L
1892       12        24.95        26.36        -1.41        -1.28      L
1893       01        25.34        26.26        -0.92        -1.17      L
1893       02        25.33        26.52        -1.19        -0.94      L
1893       03        26.18        26.90        -0.72        -1.12      L
1893       04        26.00        27.45        -1.46        -1.08      L
1893       05        26.44        27.52        -1.08        -1.12      L
1893       06        26.41        27.24        -0.83        -0.89      L
1893       07        26.09        26.85        -0.77        -0.75      L
1893       08        25.67        26.31        -0.64        -0.98      L
1893       09        24.67        26.22        -1.54        -1.20      L
1893       10        24.78        26.19        -1.41        -1.48      L
1893       11        24.88        26.37        -1.48        -1.34      L
1893       12        25.23        26.36        -1.13        -1.24      L
1894       01        25.17        26.26        -1.10        -1.03      L
1894       02        25.66        26.52        -0.86        -1.03      L
1894       03        25.78        26.90        -1.12        -1.04      L
1894       04        26.33        27.45        -1.13        -0.94      L
1894       05        26.95        27.52        -0.57        -0.87      L
1894       06        26.30        27.24        -0.93        -0.46      N
1894       07        26.99        26.85         0.13        -0.43      N
1894       08        25.81        26.31        -0.50        -0.36      N
1894       09        25.50        26.22        -0.71        -0.69      L
1894       10        25.34        26.19        -0.85        -0.66      L
1894       11        25.96        26.37        -0.41        -0.70      L
1894       12        25.50        26.36        -0.85        -0.35      N
1895       01        26.48        26.26         0.22        -0.59      L
1895       02        25.37        26.52        -1.15        -0.36      N
1895       03        26.75        26.90        -0.15        -0.24      N
1895       04        28.04        27.45         0.59         0.19      N
1895       05        27.64        27.52         0.12         0.20      N
1895       06        27.14        27.24        -0.10         0.09      N
1895       07        27.09        26.85         0.23         0.25      N
1895       08        26.91        26.31         0.60         0.70      E
1895       09        27.47        26.22         1.25         0.84      E
1895       10        26.87        26.19         0.68         1.06      E
1895       11        27.63        26.37         1.26         0.69      E
1895       12        26.49        26.36         0.13         0.64      E
1896       01        26.77        26.24         0.53         0.32      N
1896       02        26.63        26.34         0.29         0.52      E
1896       03        27.54        26.80         0.73         0.47      N
1896       04        27.68        27.30         0.39         0.17      N
1896       05        26.88        27.50        -0.62         0.16      N
1896       06        27.88        27.16         0.72         0.42      N
1896       07        27.95        26.78         1.16         1.12      E
1896       08        27.64        26.16         1.47         1.26      E
1896       09        27.28        26.14         1.14         1.40      E
1896       10        27.55        25.98         1.58         1.50      E
1896       11        27.98        26.19         1.79         1.79      E
1896       12        28.15        26.16         1.99         1.70      E
1897       01        27.56        26.24         1.32         1.62      E
1897       02        27.87        26.34         1.54         1.17      E
1897       03        27.46        26.80         0.65         0.76      E
1897       04        27.37        27.30         0.07         0.24      N
1897       05        27.49        27.50        -0.02         0.12      N
1897       06        27.46        27.16         0.30         0.21      N
1897       07        27.13        26.78         0.35         0.26      N
1897       08        26.28        26.16         0.12         0.24      N
1897       09        26.39        26.14         0.25         0.06      N
1897       10        25.80        25.98        -0.18        -0.26      N
1897       11        25.34        26.19        -0.85        -0.48      N
1897       12        25.74        26.16        -0.42        -0.50      N
1898       01        26.02        26.24        -0.22        -0.47      N
1898       02        25.56        26.34        -0.78        -0.51      L
1898       03        26.26        26.80        -0.55        -0.52      L
1898       04        27.05        27.30        -0.25        -0.34      N
1898       05        27.26        27.50        -0.24        -0.22      N
1898       06        26.97        27.16        -0.18        -0.34      N
1898       07        26.20        26.78        -0.59        -0.47      N
1898       08        25.52        26.16        -0.64        -0.48      N
1898       09        25.91        26.14        -0.22        -0.46      N
1898       10        25.47        25.98        -0.51        -0.46      N
1898       11        25.55        26.19        -0.64        -0.73      L
1898       12        25.13        26.16        -1.03        -0.78      L
1899       01        25.57        26.24        -0.67        -0.79      L
1899       02        25.66        26.34        -0.68        -0.82      L
1899       03        25.67        26.80        -1.13        -0.76      L
1899       04        26.83        27.30        -0.47        -0.50      N
1899       05        27.61        27.50         0.11        -0.16      N
1899       06        27.03        27.16        -0.13         0.05      N
1899       07        26.95        26.78         0.16         0.15      N
1899       08        26.59        26.16         0.42         0.43      N
1899       09        26.84        26.14         0.70         0.86      E
1899       10        27.44        25.98         1.46         1.14      E
1899       11        27.46        26.19         1.26         1.45      E
1899       12        27.77        26.16         1.62         1.50      E
1900       01        27.85        26.24         1.61         1.56      E
1900       02        27.79        26.34         1.45         1.30      E
1900       03        27.65        26.80         0.85         1.19      E
1900       04        28.56        27.30         1.26         0.89      E
1900       05        28.04        27.50         0.54         0.96      E
1900       06        28.23        27.16         1.07         0.75      E
1900       07        27.43        26.78         0.64         0.70      E
1900       08        26.56        26.16         0.40         0.50      E
1900       09        26.60        26.14         0.46         0.57      E
1900       10        26.83        25.98         0.85         0.39      N
1900       11        26.07        26.19        -0.13         0.39      N
1900       12        26.62        26.16         0.46         0.23      N
1901       01        26.65        26.31         0.35         0.36      N
1901       02        26.64        26.37         0.27         0.22      N
1901       03        26.84        26.80         0.04         0.29      N
1901       04        27.84        27.28         0.56         0.22      N
1901       05        27.53        27.48         0.05         0.16      N
1901       06        26.99        27.14        -0.14        -0.16      N
1901       07        26.45        26.85        -0.40        -0.23      N
1901       08        26.11        26.24        -0.14        -0.25      N
1901       09        25.97        26.17        -0.20        -0.26      N
1901       10        25.56        26.01        -0.45        -0.39      N
1901       11        25.67        26.18        -0.52        -0.43      N
1901       12        25.88        26.21        -0.33        -0.42      N
1902       01        25.91        26.31        -0.40        -0.15      N
1902       02        26.66        26.37         0.29        -0.04      N
1902       03        26.78        26.80        -0.02         0.37      N
1902       04        28.12        27.28         0.84         0.49      N
1902       05        28.12        27.48         0.64         0.96      E
1902       06        28.53        27.14         1.39         1.10      E
1902       07        28.11        26.85         1.26         1.34      E
1902       08        27.60        26.24         1.35         1.36      E
1902       09        27.64        26.17         1.47         1.51      E
1902       10        27.73        26.01         1.72         1.74      E
1902       11        28.23        26.18         2.04         1.96      E
1902       12        28.35        26.21         2.13         1.84      E
1903       01        27.66        26.31         1.35         1.59      E
1903       02        27.64        26.37         1.27         1.26      E
1903       03        27.95        26.80         1.16         0.97      E
1903       04        27.76        27.28         0.49         0.52      E
1903       05        27.40        27.48        -0.08         0.10      N
1903       06        27.04        27.14        -0.10        -0.31      N
1903       07        26.10        26.85        -0.75        -0.59      L
1903       08        25.31        26.24        -0.93        -0.79      L
1903       09        25.49        26.17        -0.68        -0.84      L
1903       10        25.10        26.01        -0.91        -0.86      L
1903       11        25.21        26.18        -0.97        -0.89      L
1903       12        25.43        26.21        -0.78        -1.04      L
1904       01        24.95        26.31        -1.35        -1.21      L
1904       02        24.89        26.37        -1.49        -0.95      L
1904       03        26.77        26.80        -0.02        -0.82      L
1904       04        26.33        27.28        -0.95        -0.37      N
1904       05        27.33        27.48        -0.15        -0.44      N
1904       06        26.92        27.14        -0.22        -0.09      N
1904       07        26.94        26.85         0.09         0.26      N
1904       08        27.16        26.24         0.92         0.39      N
1904       09        26.33        26.17         0.16         0.68      E
1904       10        26.99        26.01         0.98         0.59      E
1904       11        26.82        26.18         0.63         0.80      E
1904       12        27.00        26.21         0.79         0.70      E
1905       01        26.98        26.31         0.67         0.71      E
1905       02        27.03        26.37         0.66         0.72      E
1905       03        27.63        26.80         0.84         0.84      E
1905       04        28.29        27.28         1.01         1.06      E
1905       05        28.81        27.48         1.33         1.29      E
1905       06        28.65        27.14         1.52         1.45      E
1905       07        28.36        26.85         1.51         1.61      E
1905       08        28.06        26.24         1.82         1.60      E
1905       09        27.66        26.17         1.49         1.57      E
1905       10        27.41        26.01         1.40         1.34      E
1905       11        27.32        26.18         1.14         1.30      E
1905       12        27.58        26.21         1.36         1.15      E
1906       01        27.23        26.27         0.96         1.03      E
1906       02        27.06        26.29         0.76         0.79      E
1906       03        27.43        26.78         0.65         0.58      E
1906       04        27.66        27.33         0.33         0.32      N
1906       05        27.47        27.48        -0.02        -0.06      N
1906       06        26.72        27.22        -0.50        -0.14      N
1906       07        27.00        26.92         0.08        -0.35      N
1906       08        25.70        26.33        -0.64        -0.22      N
1906       09        26.27        26.38        -0.11        -0.51      L
1906       10        25.30        26.07        -0.77        -0.37      N
1906       11        25.98        26.21        -0.23        -0.34      N
1906       12        26.21        26.23        -0.02        -0.36      N
1907       01        25.43        26.27        -0.83        -0.51      L
1907       02        25.62        26.29        -0.68        -0.75      L
1907       03        26.05        26.78        -0.73        -0.64      L
1907       04        26.82        27.33        -0.51        -0.37      N
1907       05        27.62        27.48         0.14        -0.15      N
1907       06        27.16        27.22        -0.07         0.14      N
1907       07        27.28        26.92         0.36        -0.10      N
1907       08        25.75        26.33        -0.59         0.06      N
1907       09        26.78        26.38         0.40        -0.10      N
1907       10        25.97        26.07        -0.10         0.07      N
1907       11        26.11        26.21        -0.10        -0.05      N
1907       12        26.28        26.23         0.05        -0.02      N
1908       01        26.27        26.27         0.00         0.03      N
1908       02        26.33        26.29         0.03        -0.17      N
1908       03        26.22        26.78        -0.56        -0.39      N
1908       04        26.69        27.33        -0.64        -0.51      L
1908       05        27.15        27.48        -0.34        -0.43      N
1908       06        26.90        27.22        -0.32        -0.54      L
1908       07        25.94        26.92        -0.98        -0.64      L
1908       08        25.71        26.33        -0.62        -0.87      L
1908       09        25.37        26.38        -1.01        -0.81      L
1908       10        25.27        26.07        -0.80        -0.90      L
1908       11        25.33        26.21        -0.88        -0.90      L
1908       12        25.21        26.23        -1.03        -0.97      L
1909       01        25.25        26.27        -1.01        -0.95      L
1909       02        25.49        26.29        -0.81        -0.81      L
1909       03        26.19        26.78        -0.60        -0.64      L
1909       04        26.83        27.33        -0.50        -0.46      N
1909       05        27.22        27.48        -0.27        -0.44      N
1909       06        26.69        27.22        -0.53        -0.56      L
1909       07        26.04        26.92        -0.88        -0.88      L
1909       08        25.12        26.33        -1.21        -1.09      L
1909       09        25.22        26.38        -1.17        -1.24      L
1909       10        24.73        26.07        -1.34        -1.29      L
1909       11        24.84        26.21        -1.37        -1.38      L
1909       12        24.81        26.23        -1.42        -1.28      L
1910       01        25.22        26.27        -1.05        -1.26      L
1910       02        24.99        26.29        -1.31        -1.21      L
1910       03        25.50        26.78        -1.28        -1.33      L
1910       04        25.94        27.33        -1.39        -1.32      L
1910       05        26.20        27.48        -1.28        -1.14      L
1910       06        26.48        27.22        -0.74        -0.95      L
1910       07        26.09        26.92        -0.82        -0.75      L
1910       08        25.67        26.33        -0.67        -0.94      L
1910       09        25.06        26.38        -1.33        -1.01      L
1910       10        25.04        26.07        -1.03        -1.08      L
1910       11        25.31        26.21        -0.90        -0.93      L
1910       12        25.37        26.23        -0.86        -0.79      L
1911       01        25.59        26.19        -0.60        -0.75      L
1911       02        25.56        26.34        -0.78        -0.59      L
1911       03        26.37        26.77        -0.40        -0.74      L
1911       04        26.33        27.37        -1.04        -0.58      L
1911       05        27.13        27.44        -0.31        -0.53      L
1911       06        27.01        27.25        -0.25        -0.09      N
1911       07        27.17        26.89         0.29         0.19      N
1911       08        26.90        26.38         0.52         0.48      N
1911       09        27.11        26.48         0.63         0.66      E
1911       10        27.00        26.16         0.83         1.05      E
1911       11        27.95        26.26         1.69         1.10      E
1911       12        27.14        26.37         0.77         1.29      E
1912       01        27.58        26.19         1.39         1.14      E
1912       02        27.60        26.34         1.26         1.01      E
1912       03        27.14        26.77         0.36         0.97      E
1912       04        28.66        27.37         1.28         0.67      E
1912       05        27.79        27.44         0.35         0.44      N
1912       06        26.94        27.25        -0.32         0.06      N
1912       07        27.03        26.89         0.15        -0.20      N
1912       08        25.96        26.38        -0.42        -0.04      N
1912       09        26.63        26.48         0.15        -0.07      N
1912       10        26.24        26.16         0.07        -0.01      N
1912       11        26.02        26.26        -0.24        -0.20      N
1912       12        25.95        26.37        -0.42        -0.27      N
1913       01        26.05        26.19        -0.14        -0.21      N
1913       02        26.28        26.34        -0.06        -0.01      N
1913       03        26.94        26.77         0.17        -0.04      N
1913       04        27.15        27.37        -0.22         0.02      N
1913       05        27.55        27.44         0.11        -0.09      N
1913       06        27.08        27.25        -0.17         0.08      N
1913       07        27.17        26.89         0.29         0.24      N
1913       08        26.97        26.38         0.59         0.22      N
1913       09        26.26        26.48        -0.22         0.20      N
1913       10        26.40        26.16         0.23         0.15      N
1913       11        26.69        26.26         0.43         0.50      N
1913       12        27.20        26.37         0.83         0.74      E
1914       01        27.14        26.19         0.95         1.08      E
1914       02        27.81        26.34         1.47         1.00      E
1914       03        27.35        26.77         0.58         0.89      E
1914       04        28.00        27.37         0.63         0.49      N
1914       05        27.69        27.44         0.25         0.52      E
1914       06        27.93        27.25         0.68         0.35      N
1914       07        27.00        26.89         0.12         0.63      E
1914       08        27.47        26.38         1.09         0.83      E
1914       09        27.77        26.48         1.29         1.07      E
1914       10        27.01        26.16         0.85         1.00      E
1914       11        27.12        26.26         0.86         0.93      E
1914       12        27.46        26.37         1.09         0.84      E
1915       01        26.77        26.19         0.58         0.69      E
1915       02        26.73        26.34         0.39         0.55      E
1915       03        27.47        26.77         0.70         0.42      N
1915       04        27.56        27.37         0.18         0.78      E
1915       05        28.91        27.44         1.47         0.68      E
1915       06        27.65        27.25         0.39         0.94      E
1915       07        27.83        26.89         0.95         0.46      N
1915       08        26.43        26.38         0.05         0.18      N
1915       09        26.02        26.48        -0.46        -0.12      N
1915       10        26.23        26.16         0.07        -0.21      N
1915       11        26.01        26.26        -0.25        -0.49      N
1915       12        25.07        26.37        -1.30        -0.62      L
1916       01        25.80        26.12        -0.33        -0.35      N
1916       02        26.89        26.30         0.59        -0.09      N
1916       03        26.24        26.78        -0.54         0.14      N
1916       04        27.75        27.37         0.38        -0.20      N
1916       05        27.03        27.47        -0.44        -0.08      N
1916       06        27.02        27.21        -0.19        -0.63      L
1916       07        25.60        26.85        -1.25        -0.86      L
1916       08        25.24        26.37        -1.13        -1.09      L
1916       09        25.58        26.47        -0.89        -1.38      L
1916       10        24.03        26.14        -2.11        -1.47      L
1916       11        24.86        26.25        -1.40        -1.82      L
1916       12        24.38        26.32        -1.94        -1.85      L
1917       01        23.91        26.12        -2.21        -2.13      L
1917       02        24.06        26.30        -2.25        -1.81      L
1917       03        25.79        26.78        -0.98        -1.02      L
1917       04        27.53        27.37         0.16        -0.37      N
1917       05        27.17        27.47        -0.29        -0.35      N
1917       06        26.29        27.21        -0.93        -0.62      L
1917       07        26.22        26.85        -0.63        -0.36      N
1917       08        26.83        26.37         0.46        -0.25      N
1917       09        25.90        26.47        -0.58         0.00      N
1917       10        26.26        26.14         0.12        -0.66      L
1917       11        24.73        26.25        -1.52        -0.80      L
1917       12        25.31        26.32        -1.01        -1.04      L
1918       01        25.54        26.12        -0.58        -0.68      L
1918       02        25.86        26.30        -0.44        -0.49      N
1918       03        26.32        26.78        -0.45        -0.29      N
1918       04        27.41        27.37         0.04        -0.09      N
1918       05        27.63        27.47         0.16         0.27      N
1918       06        27.82        27.21         0.61         0.36      N
1918       07        27.15        26.85         0.30         0.44      N
1918       08        26.79        26.37         0.42         0.78      E
1918       09        28.08        26.47         1.61         0.83      E
1918       10        26.60        26.14         0.47         1.11      E
1918       11        27.51        26.25         1.25         0.93      E
1918       12        27.40        26.32         1.08         1.05      E
1919       01        26.94        26.12         0.82         0.79      E
1919       02        26.78        26.30         0.48         0.62      E
1919       03        27.34        26.78         0.56         0.51      E
1919       04        27.85        27.37         0.48         0.29      N
1919       05        27.30        27.47        -0.17         0.28      N
1919       06        27.75        27.21         0.54         0.27      N
1919       07        27.29        26.85         0.44         0.37      N
1919       08        26.49        26.37         0.12         0.61      E
1919       09        27.76        26.47         1.28         0.47      N
1919       10        26.13        26.14        -0.01         0.55      E
1919       11        26.64        26.25         0.38         0.65      E
1919       12        27.89        26.32         1.58         0.98      E
1920       01        27.09        26.12         0.97         0.81      E
1920       02        26.20        26.30        -0.10         0.61      E
1920       03        27.75        26.78         0.97         0.33      N
1920       04        27.48        27.37         0.11         0.32      N
1920       05        27.35        27.47        -0.12         0.19      N
1920       06        27.79        27.21         0.58         0.36      N
1920       07        27.47        26.85         0.62         0.35      N
1920       08        26.23        26.37        -0.14         0.40      N
1920       09        27.19        26.47         0.71         0.26      N
1920       10        26.34        26.14         0.20         0.21      N
1920       11        25.96        26.25        -0.29        -0.23      N
1920       12        25.71        26.32        -0.61        -0.34      N
1921       01        25.92        26.04        -0.12        -0.39      N
1921       02        25.82        26.24        -0.43        -0.60      L
1921       03        25.46        26.70        -1.25        -0.64      L
1921       04        27.08        27.31        -0.23        -0.66      L
1921       05        26.88        27.39        -0.51        -0.36      N
1921       06        26.77        27.12        -0.35        -0.31      N
1921       07        26.67        26.75        -0.08        -0.16      N
1921       08        26.20        26.25        -0.05         0.04      N
1921       09        26.59        26.34         0.24         0.06      N
1921       10        25.99        26.01        -0.02        -0.08      N
1921       11        25.66        26.13        -0.48         0.08      N
1921       12        26.86        26.11         0.75        -0.14      N
1922       01        25.34        26.04        -0.69         0.04      N
1922       02        26.30        26.24         0.05        -0.01      N
1922       03        27.32        26.70         0.62         0.16      N
1922       04        27.13        27.31        -0.18         0.03      N
1922       05        27.04        27.39        -0.35        -0.36      N
1922       06        26.58        27.12        -0.54        -0.46      N
1922       07        26.27        26.75        -0.48        -0.57      L
1922       08        25.57        26.25        -0.69        -0.55      L
1922       09        25.86        26.34        -0.48        -0.55      L
1922       10        25.52        26.01        -0.49        -0.45      N
1922       11        25.74        26.13        -0.40        -0.44      N
1922       12        25.68        26.11        -0.42        -0.53      L
1923       01        25.26        26.04        -0.77        -0.61      L
1923       02        25.62        26.24        -0.63        -0.62      L
1923       03        26.25        26.70        -0.45        -0.32      N
1923       04        27.42        27.31         0.10        -0.05      N
1923       05        27.57        27.39         0.18         0.20      N
1923       06        27.42        27.12         0.30         0.19      N
1923       07        26.84        26.75         0.08         0.33      N
1923       08        26.85        26.25         0.60         0.43      N
1923       09        26.94        26.34         0.60         0.66      E
1923       10        26.79        26.01         0.78         0.79      E
1923       11        27.13        26.13         0.99         0.89      E
1923       12        26.99        26.11         0.88         0.81      E
1924       01        26.60        26.04         0.56         0.71      E
1924       02        26.93        26.24         0.69         0.46      N
1924       03        26.82        26.70         0.12         0.20      N
1924       04        27.10        27.31        -0.21        -0.17      N
1924       05        26.97        27.39        -0.42        -0.35      N
1924       06        26.71        27.12        -0.41        -0.59      L
1924       07        25.79        26.75        -0.96        -0.59      L
1924       08        25.84        26.25        -0.41        -0.82      L
1924       09        25.27        26.34        -1.08        -0.74      L
1924       10        25.28        26.01        -0.73        -0.96      L
1924       11        25.06        26.13        -1.08        -0.89      L
1924       12        25.24        26.11        -0.86        -1.04      L
1925       01        24.87        26.04        -1.16        -0.78      L
1925       02        25.92        26.24        -0.33        -0.51      L
1925       03        26.67        26.70        -0.03        -0.23      N
1925       04        27.00        27.31        -0.32        -0.25      N
1925       05        27.00        27.39        -0.39        -0.19      N
1925       06        27.25        27.12         0.13         0.02      N
1925       07        27.06        26.75         0.31         0.35      N
1925       08        26.88        26.25         0.62         0.42      N
1925       09        26.68        26.34         0.33         0.62      E
1925       10        26.90        26.01         0.89         0.83      E
1925       11        27.40        26.13         1.27         1.11      E
1925       12        27.27        26.11         1.16         1.14      E
1926       01        27.04        26.04         1.00         1.02      E
1926       02        27.28        26.38         0.90         0.99      E
1926       03        27.86        26.78         1.08         0.94      E
1926       04        28.26        27.41         0.85         0.91      E
1926       05        28.27        27.46         0.81         0.64      E
1926       06        27.43        27.17         0.26         0.48      N
1926       07        27.13        26.77         0.36         0.18      N
1926       08        26.27        26.37        -0.10        -0.00      N
1926       09        26.17        26.44        -0.27        -0.41      N
1926       10        25.33        26.19        -0.86        -0.60      L
1926       11        25.61        26.27        -0.67        -0.65      L
1926       12        25.80        26.22        -0.41        -0.45      N
1927       01        25.78        26.04        -0.26        -0.24      N
1927       02        26.32        26.38        -0.06        -0.20      N
1927       03        26.48        26.78        -0.30        -0.32      N
1927       04        26.80        27.41        -0.61        -0.43      N
1927       05        27.07        27.46        -0.39        -0.32      N
1927       06        27.20        27.17         0.04        -0.25      N
1927       07        26.37        26.77        -0.40        -0.19      N
1927       08        26.18        26.37        -0.20        -0.28      N
1927       09        26.19        26.44        -0.25         0.03      N
1927       10        26.71        26.19         0.52         0.01      N
1927       11        26.02        26.27        -0.25         0.09      N
1927       12        26.22        26.22         0.00         0.05      N
1928       01        26.43        26.04         0.39         0.23      N
1928       02        26.67        26.38         0.29         0.14      N
1928       03        26.51        26.78        -0.27         0.04      N
1928       04        27.51        27.41         0.09        -0.10      N
1928       05        27.33        27.46        -0.13        -0.08      N
1928       06        26.95        27.17        -0.21        -0.11      N
1928       07        26.77        26.77         0.01        -0.05      N
1928       08        26.42        26.37         0.05        -0.11      N
1928       09        26.06        26.44        -0.37        -0.08      N
1928       10        26.27        26.19         0.08        -0.14      N
1928       11        26.14        26.27        -0.13        -0.10      N
1928       12        25.96        26.22        -0.26        -0.25      N
1929       01        25.68        26.04        -0.36        -0.49      N
1929       02        25.53        26.38        -0.85        -0.47      N
1929       03        26.59        26.78        -0.19        -0.48      N
1929       04        27.02        27.41        -0.39        -0.25      N
1929       05        27.27        27.46        -0.19        -0.16      N
1929       06        27.27        27.17         0.10        -0.01      N
1929       07        26.81        26.77         0.05         0.07      N
1929       08        26.43        26.37         0.05         0.17      N
1929       09        26.85        26.44         0.41         0.24      N
1929       10        26.45        26.19         0.26         0.33      N
1929       11        26.58        26.27         0.31         0.22      N
1929       12        26.29        26.22         0.07         0.35      N
1930       01        26.71        26.04         0.67         0.33      N
1930       02        26.63        26.38         0.25         0.46      N
1930       03        27.23        26.78         0.44         0.35      N
1930       04        27.77        27.41         0.36         0.54      E
1930       05        28.26        27.46         0.81         0.49      N
1930       06        27.47        27.17         0.31         0.63      E
1930       07        27.56        26.77         0.79         0.58      E
1930       08        27.00        26.37         0.63         0.84      E
1930       09        27.53        26.44         1.09         1.02      E
1930       10        27.51        26.19         1.32         1.38      E
1930       11        27.98        26.27         1.71         1.47      E
1930       12        27.60        26.22         1.39         1.57      E
1931       01        27.60        25.97         1.63         1.40      E
1931       02        27.51        26.32         1.19         1.30      E
1931       03        27.83        26.74         1.09         0.96      E
1931       04        28.05        27.43         0.62         0.80      E
1931       05        28.09        27.41         0.68         0.51      E
1931       06        27.45        27.21         0.24         0.36      N
1931       07        26.86        26.70         0.16         0.24      N
1931       08        26.64        26.32         0.32        -0.06      N
1931       09        25.65        26.30        -0.65        -0.30      N
1931       10        25.49        26.07        -0.58        -0.53      L
1931       11        25.77        26.14        -0.37        -0.52      L
1931       12        25.54        26.17        -0.62        -0.55      L
1932       01        25.30        25.97        -0.67        -0.55      L
1932       02        25.96        26.32        -0.36        -0.26      N
1932       03        26.99        26.74         0.25         0.03      N
1932       04        27.65        27.43         0.22         0.26      N
1932       05        27.73        27.41         0.32         0.20      N
1932       06        27.29        27.21         0.07         0.15      N
1932       07        26.75        26.70         0.05        -0.05      N
1932       08        26.05        26.32        -0.28        -0.13      N
1932       09        26.14        26.30        -0.15        -0.18      N
1932       10        25.97        26.07        -0.10        -0.01      N
1932       11        26.35        26.14         0.21        -0.06      N
1932       12        25.88        26.17        -0.29        -0.05      N
1933       01        25.90        25.97        -0.07        -0.24      N
1933       02        25.96        26.32        -0.36        -0.24      N
1933       03        26.45        26.74        -0.29        -0.38      N
1933       04        26.95        27.43        -0.48        -0.46      N
1933       05        26.81        27.41        -0.60        -0.65      L
1933       06        26.35        27.21        -0.86        -0.74      L
1933       07        25.93        26.70        -0.76        -0.86      L
1933       08        25.38        26.32        -0.94        -0.98      L
1933       09        25.06        26.30        -1.24        -0.98      L
1933       10        25.30        26.07        -0.77        -1.11      L
1933       11        24.82        26.14        -1.31        -1.20      L
1933       12        24.64        26.17        -1.53        -1.22      L
1934       01        25.14        25.97        -0.83        -1.07      L
1934       02        25.48        26.32        -0.85        -0.82      L
1934       03        25.96        26.74        -0.78        -0.61      L
1934       04        27.23        27.43        -0.20        -0.38      N
1934       05        27.24        27.41        -0.17        -0.16      N
1934       06        27.12        27.21        -0.10         0.00      N
1934       07        26.97        26.70         0.27         0.03      N
1934       08        26.23        26.32        -0.09        -0.06      N
1934       09        25.95        26.30        -0.35        -0.22      N
1934       10        25.84        26.07        -0.23        -0.15      N
1934       11        26.26        26.14         0.13        -0.12      N
1934       12        25.91        26.17        -0.26        -0.15      N
1935       01        25.66        25.97        -0.31        -0.25      N
1935       02        26.15        26.32        -0.17        -0.22      N
1935       03        26.57        26.74        -0.17        -0.32      N
1935       04        26.82        27.43        -0.61        -0.41      N
1935       05        26.95        27.41        -0.46        -0.42      N
1935       06        27.04        27.21        -0.18        -0.27      N
1935       07        26.51        26.70        -0.19        -0.11      N
1935       08        26.37        26.32         0.05        -0.04      N
1935       09        26.31        26.30         0.01         0.14      N
1935       10        26.42        26.07         0.35         0.23      N
1935       11        26.47        26.14         0.34         0.16      N
1935       12        25.96        26.17        -0.21         0.20      N
1936       01        26.45        25.99         0.46         0.17      N
1936       02        26.62        26.36         0.25         0.23      N
1936       03        26.74        26.75        -0.01         0.06      N
1936       04        27.34        27.39        -0.04         0.05      N
1936       05        27.63        27.42         0.20        -0.03      N
1936       06        26.92        27.16        -0.23        -0.11      N
1936       07        26.41        26.70        -0.29        -0.18      N
1936       08        26.27        26.28        -0.01        -0.13      N
1936       09        26.08        26.18        -0.10        -0.01      N
1936       10        26.16        26.07         0.09        -0.06      N
1936       11        25.91        26.06        -0.16        -0.09      N
1936       12        25.94        26.13        -0.19        -0.27      N
1937       01        25.54        25.99        -0.45        -0.18      N
1937       02        26.48        26.36         0.11         0.02      N
1937       03        27.14        26.75         0.39         0.14      N
1937       04        27.30        27.39        -0.09         0.03      N
1937       05        27.21        27.42        -0.22        -0.16      N
1937       06        26.98        27.16        -0.17        -0.15      N
1937       07        26.63        26.70        -0.07        -0.05      N
1937       08        26.38        26.28         0.10         0.10      N
1937       09        26.44        26.18         0.26         0.12      N
1937       10        26.06        26.07        -0.01         0.18      N
1937       11        26.35        26.06         0.29         0.07      N
1937       12        26.05        26.13        -0.07        -0.10      N
1938       01        25.48        25.99        -0.51        -0.32      N
1938       02        25.98        26.36        -0.38        -0.54      L
1938       03        26.03        26.75        -0.72        -0.51      L
1938       04        26.98        27.39        -0.41        -0.47      N
1938       05        27.14        27.42        -0.28        -0.48      N
1938       06        26.42        27.16        -0.73        -0.72      L
1938       07        25.54        26.70        -1.15        -1.18      L
1938       08        24.64        26.28        -1.64        -1.18      L
1938       09        25.43        26.18        -0.75        -0.90      L
1938       10        25.76        26.07        -0.31        -0.57      L
1938       11        25.40        26.06        -0.66        -0.61      L
1938       12        25.28        26.13        -0.85        -0.86      L
1939       01        24.94        25.99        -1.05        -0.64      L
1939       02        26.34        26.36        -0.02        -0.57      L
1939       03        26.11        26.75        -0.64        -0.21      N
1939       04        27.42        27.39         0.03        -0.21      N
1939       05        27.39        27.42        -0.03         0.06      N
1939       06        27.34        27.16         0.18         0.25      N
1939       07        27.30        26.70         0.61         0.33      N
1939       08        26.50        26.28         0.21         0.51      E
1939       09        26.90        26.18         0.72         0.42      N
1939       10        26.39        26.07         0.32         0.51      E
1939       11        26.56        26.06         0.50         0.24      N
1939       12        26.04        26.13        -0.09         0.52      E
1940       01        27.14        25.99         1.15         0.93      E
1940       02        28.10        26.36         1.74         1.28      E
1940       03        27.69        26.75         0.94         1.02      E
1940       04        27.77        27.39         0.39         0.73      E
1940       05        28.28        27.42         0.85         0.62      E
1940       06        27.77        27.16         0.61         0.55      E
1940       07        26.89        26.70         0.20         0.77      E
1940       08        27.78        26.28         1.50         0.75      E
1940       09        26.73        26.18         0.55         1.05      E
1940       10        27.18        26.07         1.11         1.03      E
1940       11        27.48        26.06         1.42         1.43      E
1940       12        27.88        26.13         1.76         1.66      E
1941       01        27.92        26.10         1.82         1.81      E
1941       02        28.30        26.45         1.85         1.58      E
1941       03        27.90        26.82         1.08         1.37      E
1941       04        28.62        27.45         1.17         1.05      E
1941       05        28.37        27.48         0.90         0.98      E
1941       06        28.07        27.20         0.87         0.93      E
1941       07        27.74        26.73         1.02         0.92      E
1941       08        27.19        26.30         0.89         0.98      E
1941       09        27.20        26.17         1.03         0.98      E
1941       10        27.11        26.09         1.01         1.13      E
1941       11        27.41        26.05         1.36         1.42      E
1941       12        27.94        26.05         1.89         1.41      E
1942       01        27.07        26.10         0.97         1.11      E
1942       02        26.93        26.45         0.48         0.66      E
1942       03        27.35        26.82         0.53         0.55      E
1942       04        28.10        27.45         0.65         0.41      N
1942       05        27.53        27.48         0.06         0.12      N
1942       06        26.87        27.20        -0.33        -0.28      N
1942       07        26.18        26.73        -0.55        -0.62      L
1942       08        25.34        26.30        -0.97        -0.99      L
1942       09        24.72        26.17        -1.46        -1.22      L
1942       10        24.84        26.09        -1.25        -1.35      L
1942       11        24.72        26.05        -1.34        -1.16      L
1942       12        25.14        26.05        -0.90        -1.21      L
1943       01        24.71        26.10        -1.39        -1.23      L
1943       02        25.07        26.45        -1.39        -1.29      L
1943       03        25.72        26.82        -1.10        -1.06      L
1943       04        26.75        27.45        -0.70        -0.71      L
1943       05        27.14        27.48        -0.33        -0.33      N
1943       06        27.24        27.20         0.04        -0.04      N
1943       07        26.91        26.73         0.19         0.26      N
1943       08        26.86        26.30         0.56         0.24      N
1943       09        26.14        26.17        -0.04         0.11      N
1943       10        25.91        26.09        -0.18        -0.09      N
1943       11        25.99        26.05        -0.06        -0.15      N
1943       12        25.85        26.05        -0.20        -0.21      N
1944       01        25.72        26.10        -0.38        -0.19      N
1944       02        26.47        26.45         0.01        -0.07      N
1944       03        26.99        26.82         0.17         0.23      N
1944       04        27.97        27.45         0.51         0.31      N
1944       05        27.72        27.48         0.24         0.43      N
1944       06        27.74        27.20         0.54         0.44      N
1944       07        27.25        26.73         0.52         0.47      N
1944       08        26.64        26.30         0.34         0.11      N
1944       09        25.64        26.17        -0.53        -0.23      N
1944       10        25.61        26.09        -0.48        -0.44      N
1944       11        25.74        26.05        -0.31        -0.30      N
1944       12        25.95        26.05        -0.10        -0.30      N
1945       01        25.62        26.10        -0.48        -0.51      L
1945       02        25.50        26.45        -0.96        -0.71      L
1945       03        26.13        26.82        -0.69        -0.74      L
1945       04        26.88        27.45        -0.58        -0.60      L
1945       05        26.94        27.48        -0.53        -0.08      N
1945       06        28.06        27.20         0.85        -0.11      N
1945       07        26.07        26.73        -0.65         0.06      N
1945       08        26.27        26.30        -0.03        -0.31      N
1945       09        25.92        26.17        -0.25        -0.14      N
1945       10        25.95        26.09        -0.14        -0.21      N
1945       11        25.80        26.05        -0.25        -0.02      N
1945       12        26.37        26.05         0.32        -0.01      N
1946       01        26.05        26.13        -0.09        -0.15      N
1946       02        25.82        26.52        -0.70        -0.27      N
1946       03        26.86        26.89        -0.03        -0.38      N
1946       04        27.09        27.50        -0.41        -0.18      N
1946       05        27.43        27.52        -0.09        -0.22      N
1946       06        27.10        27.24        -0.14        -0.13      N
1946       07        26.58        26.73        -0.16        -0.40      N
1946       08        25.46        26.34        -0.89         0.07      N
1946       09        27.39        26.15         1.25         0.31      N
1946       10        26.69        26.11         0.58         0.76      E
1946       11        26.50        26.06         0.44         0.28      N
1946       12        25.90        26.09        -0.18         0.27      N
1947       01        26.69        26.13         0.56         0.12      N
1947       02        26.49        26.52        -0.03         0.18      N
1947       03        26.89        26.89         0.00         0.09      N
1947       04        27.79        27.50         0.29        -0.05      N
1947       05        27.08        27.52        -0.44         0.13      N
1947       06        27.76        27.24         0.52         0.10      N
1947       07        26.94        26.73         0.21         0.20      N
1947       08        26.21        26.34        -0.13        -0.04      N
1947       09        25.94        26.15        -0.21        -0.33      N
1947       10        25.45        26.11        -0.66        -0.51      L
1947       11        25.40        26.06        -0.66        -0.32      N
1947       12        26.43        26.09         0.34        -0.09      N
1948       01        26.17        26.13         0.04         0.24      N
1948       02        26.86        26.52         0.35         0.34      N
1948       03        27.51        26.89         0.63         0.40      N
1948       04        27.73        27.50         0.22         0.49      N
1948       05        28.13        27.52         0.61         0.32      N
1948       06        27.38        27.24         0.13         0.38      N
1948       07        27.14        26.73         0.40         0.21      N
1948       08        26.43        26.34         0.09         0.13      N
1948       09        26.06        26.15        -0.08        -0.20      N
1948       10        25.50        26.11        -0.61        -0.48      N
1948       11        25.32        26.06        -0.74        -0.25      N
1948       12        26.68        26.09         0.60        -0.06      N
1949       01        26.08        26.13        -0.05         0.27      N
1949       02        26.78        26.52         0.27        -0.12      N
1949       03        26.31        26.89        -0.58        -0.06      N
1949       04        27.65        27.50         0.14         0.03      N
1949       05        28.04        27.52         0.53        -0.08      N
1949       06        26.33        27.24        -0.91        -0.15      N
1949       07        26.65        26.73        -0.08        -0.34      N
1949       08        26.32        26.34        -0.03        -0.11      N
1949       09        25.91        26.15        -0.23        -0.15      N
1949       10        25.90        26.11        -0.20        -0.54      L
1949       11        24.89        26.06        -1.17        -0.79      L
1949       12        25.09        26.09        -1.00        -1.15      L
1950       01        24.86        26.13        -1.28        -1.23      L
1950       02        25.11        26.52        -1.41        -1.15      L
1950       03        26.12        26.89        -0.77        -1.09      L
1950       04        26.42        27.50        -1.08        -1.06      L
1950       05        26.18        27.52        -1.34        -1.07      L
1950       06        26.45        27.24        -0.79        -0.84      L
1950       07        26.35        26.73        -0.39        -0.53      L
1950       08        25.94        26.34        -0.40        -0.46      N
1950       09        25.55        26.15        -0.60        -0.44      N
1950       10        25.80        26.11        -0.31        -0.50      L
1950       11        25.46        26.06        -0.60        -0.53      L
1950       12        25.42        26.09        -0.66        -0.69      L
1951       01        25.37        26.18        -0.81        -0.61      L
1951       02        26.23        26.57        -0.34        -0.35      N
1951       03        27.02        26.92         0.10        -0.03      N
1951       04        27.66        27.51         0.15         0.17      N
1951       05        27.78        27.53         0.26         0.28      N
1951       06        27.73        27.30         0.42         0.51      E
1951       07        27.66        26.82         0.84         0.72      E
1951       08        27.34        26.45         0.89         0.90      E
1951       09        27.24        26.25         0.99         1.03      E
1951       10        27.46        26.24         1.21         1.03      E
1951       11        27.07        26.17         0.90         0.97      E
1951       12        27.03        26.24         0.78         0.71      E
1952       01        26.63        26.18         0.45         0.53      E
1952       02        26.92        26.57         0.35         0.27      N
1952       03        26.93        26.92         0.01         0.33      N
1952       04        28.14        27.51         0.63         0.19      N
1952       05        27.45        27.53        -0.08        -0.06      N
1952       06        26.56        27.30        -0.74        -0.43      N
1952       07        26.35        26.82        -0.48        -0.44      N
1952       08        26.34        26.45        -0.10        -0.20      N
1952       09        26.25        26.25        -0.00         0.04      N
1952       10        26.46        26.24         0.22         0.04      N
1952       11        26.08        26.17        -0.09        -0.11      N
1952       12        25.79        26.24        -0.45         0.06      N
1953       01        26.91        26.18         0.72         0.25      N
1953       02        27.05        26.57         0.48         0.50      E
1953       03        27.22        26.92         0.30         0.49      N
1953       04        28.19        27.51         0.68         0.56      E
1953       05        28.24        27.53         0.71         0.77      E
1953       06        28.23        27.30         0.93         0.74      E
1953       07        27.41        26.82         0.59         0.64      E
1953       08        26.84        26.45         0.39         0.68      E
1953       09        27.33        26.25         1.07         0.60      E
1953       10        26.57        26.24         0.33         0.78      E
1953       11        27.11        26.17         0.94         0.52      E
1953       12        26.54        26.24         0.30         0.56      E
1954       01        26.63        26.18         0.45         0.41      N
1954       02        27.06        26.57         0.49         0.35      N
1954       03        27.05        26.92         0.13         0.02      N
1954       04        26.95        27.51        -0.56        -0.27      N
1954       05        27.15        27.53        -0.37        -0.48      N
1954       06        26.81        27.30        -0.49        -0.47      N
1954       07        26.27        26.82        -0.55        -0.67      L
1954       08        25.49        26.45        -0.96        -0.83      L
1954       09        25.29        26.25        -0.96        -0.73      L
1954       10        25.99        26.24        -0.26        -0.52      L
1954       11        25.84        26.17        -0.32        -0.39      N
1954       12        25.65        26.24        -0.60        -0.44      N
1955       01        25.80        26.18        -0.39        -0.50      N
1955       02        26.06        26.57        -0.51        -0.48      N
1955       03        26.39        26.92        -0.52        -0.58      L
1955       04        26.82        27.51        -0.69        -0.76      L
1955       05        26.47        27.53        -1.05        -0.77      L
1955       06        26.72        27.30        -0.58        -0.87      L
1955       07        25.84        26.82        -0.99        -0.72      L
1955       08        25.86        26.45        -0.59        -0.92      L
1955       09        25.09        26.25        -1.16        -1.10      L
1955       10        24.70        26.24        -1.55        -1.44      L
1955       11        24.56        26.17        -1.60        -1.58      L
1955       12        24.65        26.24        -1.59        -1.51      L
1956       01        24.98        26.31        -1.33        -1.17      L
1956       02        25.99        26.57        -0.58        -0.80      L
1956       03        26.49        26.99        -0.50        -0.57      L
1956       04        26.93        27.55        -0.62        -0.51      L
1956       05        27.12        27.53        -0.41        -0.48      N
1956       06        26.97        27.39        -0.42        -0.46      N
1956       07        26.34        26.90        -0.56        -0.55      L
1956       08        25.82        26.48        -0.66        -0.51      L
1956       09        25.93        26.25        -0.32        -0.42      N
1956       10        25.97        26.26        -0.29        -0.38      N
1956       11        25.65        26.19        -0.54        -0.37      N
1956       12        25.98        26.26        -0.28        -0.39      N
1957       01        25.97        26.31        -0.34        -0.27      N
1957       02        26.38        26.57        -0.19        -0.05      N
1957       03        27.36        26.99         0.37         0.26      N
1957       04        28.16        27.55         0.60         0.63      E
1957       05        28.46        27.53         0.93         0.73      E
1957       06        28.04        27.39         0.65         0.82      E
1957       07        27.79        26.90         0.89         0.96      E
1957       08        27.83        26.48         1.35         1.04      E
1957       09        27.11        26.25         0.87         1.13      E
1957       10        27.43        26.26         1.17         1.16      E
1957       11        27.63        26.19         1.44         1.39      E
1957       12        27.83        26.26         1.57         1.62      E
1958       01        28.17        26.31         1.86         1.69      E
1958       02        28.22        26.57         1.65         1.59      E
1958       03        28.27        26.99         1.28         1.17      E
1958       04        28.15        27.55         0.60         0.84      E
1958       05        28.18        27.53         0.65         0.58      E
1958       06        27.86        27.39         0.47         0.50      N
1958       07        27.27        26.90         0.37         0.44      N
1958       08        26.95        26.48         0.47         0.32      N
1958       09        26.38        26.25         0.13         0.28      N
1958       10        26.51        26.26         0.25         0.30      N
1958       11        26.71        26.19         0.52         0.36      N
1958       12        26.58        26.26         0.32         0.57      E
1959       01        27.18        26.31         0.86         0.61      E
1959       02        27.22        26.57         0.65         0.65      E
1959       03        27.42        26.99         0.43         0.48      N
1959       04        27.92        27.55         0.37         0.39      N
1959       05        27.92        27.53         0.39         0.25      N
1959       06        27.37        27.39        -0.01         0.02      N
1959       07        26.59        26.90        -0.31        -0.18      N
1959       08        26.26        26.48        -0.22        -0.23      N
1959       09        26.09        26.25        -0.15        -0.04      N
1959       10        26.52        26.26         0.26         0.11      N
1959       11        26.42        26.19         0.23         0.24      N
1959       12        26.49        26.26         0.22         0.14      N
1960       01        26.29        26.31        -0.02         0.03      N
1960       02        26.45        26.57        -0.12         0.03      N
1960       03        27.22        26.99         0.23         0.07      N
1960       04        27.64        27.55         0.09         0.17      N
1960       05        27.72        27.53         0.19         0.05      N
1960       06        27.26        27.39        -0.13         0.00      N
1960       07        26.84        26.90        -0.05         0.01      N
1960       08        26.70        26.48         0.22         0.16      N
1960       09        26.55        26.25         0.31         0.20      N
1960       10        26.32        26.26         0.06         0.09      N
1960       11        26.09        26.19        -0.10        -0.06      N
1960       12        26.13        26.26        -0.14        -0.07      N
1961       01        26.28        26.25         0.04         0.01      N
1961       02        26.64        26.52         0.12         0.03      N
1961       03        26.88        26.94        -0.06         0.01      N
1961       04        27.44        27.46        -0.01         0.05      N
1961       05        27.69        27.46         0.23         0.23      N
1961       06        27.73        27.27         0.46         0.22      N
1961       07        26.81        26.85        -0.03         0.09      N
1961       08        26.27        26.44        -0.17        -0.19      N
1961       09        25.88        26.26        -0.38        -0.31      N
1961       10        25.87        26.26        -0.39        -0.21      N
1961       11        26.31        26.18         0.13        -0.10      N
1961       12        26.11        26.17        -0.05        -0.05      N
1962       01        26.02        26.25        -0.23        -0.15      N
1962       02        26.35        26.52        -0.17        -0.16      N
1962       03        26.86        26.94        -0.09        -0.14      N
1962       04        27.29        27.46        -0.17        -0.19      N
1962       05        27.13        27.46        -0.33        -0.18      N
1962       06        27.22        27.27        -0.05        -0.13      N
1962       07        26.84        26.85        -0.01         0.00      N
1962       08        26.50        26.44         0.06        -0.10      N
1962       09        25.93        26.26        -0.34        -0.15      N
1962       10        26.08        26.26        -0.18        -0.25      N
1962       11        25.96        26.18        -0.22        -0.25      N
1962       12        25.82        26.17        -0.34        -0.32      N
1963       01        25.85        26.25        -0.40        -0.33      N
1963       02        26.28        26.52        -0.24        -0.17      N
1963       03        27.08        26.94         0.14         0.02      N
1963       04        27.61        27.46         0.15         0.13      N
1963       05        27.56        27.46         0.10         0.13      N
1963       06        27.40        27.27         0.13         0.45      N
1963       07        27.98        26.85         1.13         0.76      E
1963       08        27.47        26.44         1.03         1.10      E
1963       09        27.39        26.26         1.12         1.10      E
1963       10        27.41        26.26         1.14         1.14      E
1963       11        27.32        26.18         1.15         1.19      E
1963       12        27.45        26.17         1.28         1.13      E
1964       01        27.21        26.25         0.97         0.95      E
1964       02        27.12        26.52         0.60         0.53      E
1964       03        26.96        26.94         0.02         0.07      N
1964       04        27.04        27.46        -0.42        -0.35      N
1964       05        26.81        27.46        -0.65        -0.60      L
1964       06        26.55        27.27        -0.72        -0.65      L
1964       07        26.26        26.85        -0.59        -0.66      L
1964       08        25.77        26.44        -0.67        -0.70      L
1964       09        25.43        26.26        -0.83        -0.72      L
1964       10        25.61        26.26        -0.65        -0.79      L
1964       11        25.29        26.18        -0.89        -0.79      L
1964       12        25.35        26.17        -0.82        -0.74      L
1965       01        25.73        26.25        -0.52        -0.51      L
1965       02        26.34        26.52        -0.18        -0.24      N
1965       03        26.92        26.94        -0.02        -0.04      N
1965       04        27.54        27.46         0.08         0.17      N
1965       05        27.90        27.46         0.43         0.47      N
1965       06        28.17        27.27         0.90         0.79      E
1965       07        27.88        26.85         1.04         1.11      E
1965       08        27.82        26.44         1.38         1.27      E
1965       09        27.67        26.26         1.41         1.55      E
1965       10        28.14        26.26         1.88         1.70      E
1965       11        27.99        26.18         1.82         1.82      E
1965       12        27.95        26.17         1.78         1.61      E
1966       01        27.57        26.35         1.23         1.24      E
1966       02        27.33        26.61         0.72         0.95      E
1966       03        27.92        27.01         0.90         0.76      E
1966       04        28.14        27.48         0.66         0.44      N
1966       05        27.25        27.50        -0.25         0.24      N
1966       06        27.68        27.36         0.31         0.18      N
1966       07        27.40        26.92         0.49         0.25      N
1966       08        26.47        26.52        -0.05         0.13      N
1966       09        26.31        26.35        -0.04        -0.09      N
1966       10        26.24        26.42        -0.17        -0.12      N
1966       11        26.27        26.41        -0.14        -0.22      N
1966       12        25.99        26.35        -0.36        -0.34      N
1967       01        25.82        26.35        -0.53        -0.46      N
1967       02        26.12        26.61        -0.48        -0.48      N
1967       03        26.60        27.01        -0.41        -0.50      N
1967       04        26.87        27.48        -0.60        -0.36      N
1967       05        27.43        27.50        -0.07        -0.15      N
1967       06        27.60        27.36         0.23         0.05      N
1967       07        26.90        26.92        -0.01        -0.01      N
1967       08        26.27        26.52        -0.25        -0.26      N
1967       09        25.84        26.35        -0.51        -0.40      N
1967       10        25.99        26.42        -0.43        -0.40      N
1967       11        26.16        26.41        -0.25        -0.36      N
1967       12        25.96        26.35        -0.39        -0.42      N
1968       01        25.73        26.35        -0.61        -0.62      L
1968       02        25.76        26.61        -0.84        -0.73      L
1968       03        26.29        27.01        -0.72        -0.62      L
1968       04        27.17        27.48        -0.30        -0.47      N
1968       05        27.11        27.50        -0.39        -0.10      N
1968       06        27.78        27.36         0.41         0.18      N
1968       07        27.43        26.92         0.51         0.44      N
1968       08        26.92        26.52         0.40         0.38      N
1968       09        26.59        26.35         0.23         0.35      N
1968       10        26.83        26.42         0.41         0.51      E
1968       11        27.29        26.41         0.88         0.67      E
1968       12        27.07        26.35         0.72         0.93      E
1969       01        27.54        26.35         1.20         0.99      E
1969       02        27.65        26.61         1.04         0.98      E
1969       03        27.72        27.01         0.71         0.77      E
1969       04        28.05        27.48         0.57         0.69      E
1969       05        28.29        27.50         0.79         0.62      E
1969       06        27.87        27.36         0.50         0.48      N
1969       07        27.07        26.92         0.15         0.37      N
1969       08        26.97        26.52         0.45         0.41      N
1969       09        26.98        26.35         0.62         0.61      E
1969       10        27.19        26.42         0.77         0.72      E
1969       11        27.17        26.41         0.76         0.82      E
1969       12        27.28        26.35         0.93         0.71      E
1970       01        26.79        26.35         0.45         0.46      N
1970       02        26.63        26.61         0.02         0.24      N
1970       03        27.26        27.01         0.25         0.24      N
1970       04        27.92        27.48         0.45         0.29      N
1970       05        27.67        27.50         0.16         0.12      N
1970       06        27.11        27.36        -0.25        -0.25      N
1970       07        26.25        26.92        -0.67        -0.55      L
1970       08        25.80        26.52        -0.72        -0.71      L
1970       09        25.61        26.35        -0.75        -0.69      L
1970       10        25.83        26.42        -0.59        -0.72      L
1970       11        25.59        26.41        -0.82        -0.78      L
1970       12        25.43        26.35        -0.92        -1.10      L
1971       01        24.85        26.40        -1.55        -1.28      L
1971       02        25.24        26.63        -1.39        -1.35      L
1971       03        25.93        27.06        -1.13        -1.08      L
1971       04        26.75        27.47        -0.72        -0.81      L
1971       05        26.99        27.56        -0.57        -0.72      L
1971       06        26.54        27.41        -0.87        -0.69      L
1971       07        26.33        26.95        -0.62        -0.67      L
1971       08        26.05        26.57        -0.53        -0.60      L
1971       09        25.78        26.43        -0.65        -0.67      L
1971       10        25.61        26.47        -0.85        -0.77      L
1971       11        25.64        26.46        -0.81        -0.86      L
1971       12        25.53        26.44        -0.91        -0.77      L
1972       01        25.80        26.40        -0.59        -0.56      L
1972       02        26.44        26.63        -0.18        -0.27      N
1972       03        27.03        27.06        -0.03         0.05      N
1972       04        27.83        27.47         0.36         0.26      N
1972       05        28.00        27.56         0.45         0.48      N
1972       06        28.05        27.41         0.64         0.70      E
1972       07        27.97        26.95         1.02         1.00      E
1972       08        27.92        26.57         1.35         1.26      E
1972       09        27.85        26.43         1.42         1.50      E
1972       10        28.20        26.47         1.73         1.69      E
1972       11        28.38        26.46         1.93         1.85      E
1972       12        28.32        26.44         1.89         1.78      E
1973       01        27.92        26.40         1.52         1.55      E
1973       02        27.87        26.63         1.25         1.13      E
1973       03        27.68        27.06         0.62         0.56      E
1973       04        27.28        27.47        -0.19        -0.03      N
1973       05        27.05        27.56        -0.51        -0.51      L
1973       06        26.58        27.41        -0.83        -0.79      L
1973       07        25.91        26.95        -1.04        -0.99      L
1973       08        25.48        26.57        -1.09        -1.11      L
1973       09        25.24        26.43        -1.19        -1.25      L
1973       10        24.98        26.47        -1.48        -1.57      L
1973       11        24.41        26.46        -2.05        -1.88      L
1973       12        24.32        26.44        -2.12        -2.03      L
1974       01        24.46        26.40        -1.93        -1.87      L
1974       02        25.06        26.63        -1.56        -1.59      L
1974       03        25.79        27.06        -1.27        -1.23      L
1974       04        26.61        27.47        -0.86        -0.98      L
1974       05        26.74        27.56        -0.82        -0.70      L
1974       06        26.98        27.41        -0.43        -0.63      L
1974       07        26.30        26.95        -0.65        -0.46      N
1974       08        26.28        26.57        -0.29        -0.40      N
1974       09        26.19        26.43        -0.24        -0.46      N
1974       10        25.61        26.47        -0.85        -0.68      L
1974       11        25.50        26.46        -0.96        -0.88      L
1974       12        25.62        26.44        -0.82        -0.71      L
1975       01        26.05        26.40        -0.35        -0.56      L
1975       02        26.12        26.63        -0.51        -0.54      L
1975       03        26.29        27.06        -0.77        -0.61      L
1975       04        26.93        27.47        -0.54        -0.66      L
1975       05        26.90        27.56        -0.65        -0.79      L
1975       06        26.23        27.41        -1.18        -0.91      L
1975       07        26.05        26.95        -0.90        -1.08      L
1975       08        25.43        26.57        -1.14        -1.11      L
1975       09        25.14        26.43        -1.29        -1.29      L
1975       10        25.04        26.47        -1.43        -1.31      L
1975       11        25.24        26.46        -1.22        -1.47      L
1975       12        24.67        26.44        -1.76        -1.58      L
1976       01        24.62        26.38        -1.76        -1.49      L
1976       02        25.66        26.60        -0.94        -1.11      L
1976       03        26.39        27.03        -0.64        -0.65      L
1976       04        27.07        27.44        -0.37        -0.45      N
1976       05        27.17        27.51        -0.33        -0.22      N
1976       06        27.42        27.39         0.03         0.00      N
1976       07        27.27        26.97         0.30         0.23      N
1976       08        26.95        26.59         0.37         0.41      N
1976       09        27.06        26.51         0.56         0.61      E
1976       10        27.39        26.49         0.90         0.79      E
1976       11        27.39        26.47         0.92         0.82      E
1976       12        27.09        26.45         0.64         0.85      E
1977       01        27.37        26.38         0.99         0.72      E
1977       02        27.12        26.60         0.52         0.67      E
1977       03        27.52        27.03         0.49         0.33      N
1977       04        27.42        27.44        -0.01         0.26      N
1977       05        27.82        27.51         0.31         0.27      N
1977       06        27.89        27.39         0.50         0.46      N
1977       07        27.55        26.97         0.58         0.40      N
1977       08        26.69        26.59         0.11         0.35      N
1977       09        26.88        26.51         0.37         0.45      N
1977       10        27.36        26.49         0.88         0.69      E
1977       11        27.29        26.47         0.82         0.85      E
1977       12        27.29        26.45         0.85         0.82      E
1978       01        27.18        26.38         0.80         0.71      E
1978       02        27.08        26.60         0.48         0.52      E
1978       03        27.32        27.03         0.29         0.17      N
1978       04        27.18        27.44        -0.26        -0.06      N
1978       05        27.30        27.51        -0.21        -0.27      N
1978       06        27.04        27.39        -0.35        -0.24      N
1978       07        26.82        26.97        -0.15        -0.36      N
1978       08        26.00        26.59        -0.59        -0.37      N
1978       09        26.14        26.51        -0.36        -0.44      N
1978       10        26.12        26.49        -0.37        -0.27      N
1978       11        26.40        26.47        -0.08        -0.06      N
1978       12        26.69        26.45         0.25         0.11      N
1979       01        26.54        26.38         0.16         0.20      N
1979       02        26.78        26.60         0.18         0.22      N
1979       03        27.34        27.03         0.31         0.30      N
1979       04        27.84        27.44         0.40         0.32      N
1979       05        27.77        27.51         0.27         0.29      N
1979       06        27.60        27.39         0.21         0.14      N
1979       07        26.92        26.97        -0.05         0.09      N
1979       08        26.70        26.59         0.12         0.22      N
1979       09        27.11        26.51         0.60         0.34      N
1979       10        26.79        26.49         0.30         0.48      N
1979       11        27.00        26.47         0.53         0.50      E
1979       12        27.13        26.45         0.68         0.64      E
1980       01        27.10        26.38         0.72         0.62      E
1980       02        27.06        26.60         0.46         0.48      N
1980       03        27.28        27.03         0.25         0.35      N
1980       04        27.79        27.44         0.35         0.35      N
1980       05        27.95        27.51         0.44         0.46      N
1980       06        27.97        27.39         0.58         0.40      N
1980       07        27.15        26.97         0.18         0.19      N
1980       08        26.38        26.59        -0.21        -0.06      N
1980       09        26.35        26.51        -0.16        -0.17      N
1980       10        26.35        26.49        -0.14        -0.06      N
1980       11        26.59        26.47         0.11         0.09      N
1980       12        26.73        26.45         0.28        -0.05      N
1981       01        26.02        26.55        -0.53        -0.27      N
1981       02        26.19        26.73        -0.54        -0.41      N
1981       03        27.00        27.16        -0.16        -0.40      N
1981       04        27.10        27.59        -0.49        -0.26      N
1981       05        27.54        27.67        -0.13        -0.28      N
1981       06        27.28        27.49        -0.21        -0.26      N
1981       07        26.57        27.02        -0.46        -0.27      N
1981       08        26.46        26.63        -0.16        -0.22      N
1981       09        26.51        26.56        -0.05        -0.07      N
1981       10        26.52        26.52        -0.01        -0.15      N
1981       11        26.13        26.53        -0.40        -0.18      N
1981       12        26.38        26.52        -0.14        -0.13      N
1982       01        26.70        26.55         0.15        -0.05      N
1982       02        26.59        26.73        -0.14         0.02      N
1982       03        27.22        27.16         0.06         0.08      N
1982       04        27.90        27.59         0.31         0.35      N
1982       05        28.35        27.67         0.68         0.66      E
1982       06        28.47        27.49         0.98         0.74      E
1982       07        27.57        27.02         0.55         0.79      E
1982       08        27.45        26.63         0.82         0.99      E
1982       09        28.15        26.56         1.60         1.46      E
1982       10        28.48        26.52         1.96         1.83      E
1982       11        28.47        26.53         1.93         2.04      E
1982       12        28.74        26.52         2.22         2.13      E
1983       01        28.78        26.55         2.23         2.14      E
1983       02        28.72        26.73         1.99         1.92      E
1983       03        28.69        27.16         1.53         1.53      E
1983       04        28.66        27.59         1.07         1.23      E
1983       05        28.77        27.67         1.10         0.95      E
1983       06        28.17        27.49         0.68         0.62      E
1983       07        27.11        27.02         0.08         0.25      N
1983       08        26.62        26.63        -0.00        -0.06      N
1983       09        26.31        26.56        -0.25        -0.43      N
1983       10        25.49        26.52        -1.03        -0.76      L
1983       11        25.54        26.53        -0.99        -0.96      L
1983       12        25.66        26.52        -0.86        -0.89      L
1984       01        25.75        26.55        -0.81        -0.63      L
1984       02        26.51        26.73        -0.22        -0.51      L
1984       03        26.66        27.16        -0.50        -0.38      N
1984       04        27.18        27.59        -0.41        -0.47      N
1984       05        27.18        27.67        -0.49        -0.54      L
1984       06        26.76        27.49        -0.72        -0.52      L
1984       07        26.68        27.02        -0.34        -0.38      N
1984       08        26.53        26.63        -0.09        -0.22      N
1984       09        26.33        26.56        -0.23        -0.31      N
1984       10        25.90        26.52        -0.62        -0.61      L
1984       11        25.55        26.53        -0.98        -0.95      L
1984       12        25.28        26.52        -1.24        -1.05      L
1985       01        25.62        26.55        -0.93        -1.01      L
1985       02        25.87        26.73        -0.86        -0.86      L
1985       03        26.38        27.16        -0.78        -0.84      L
1985       04        26.70        27.59        -0.89        -0.80      L
1985       05        26.95        27.67        -0.72        -0.78      L
1985       06        26.75        27.49        -0.73        -0.60      L
1985       07        26.67        27.02        -0.35        -0.44      N
1985       08        26.39        26.63        -0.23        -0.32      N
1985       09        26.17        26.56        -0.38        -0.30      N
1985       10        26.24        26.52        -0.28        -0.30      N
1985       11        26.31        26.53        -0.23        -0.27      N
1985       12        26.21        26.52        -0.30        -0.35      N
1986       01        25.93        26.46        -0.53        -0.40      N
1986       02        26.33        26.69        -0.37        -0.38      N
1986       03        26.90        27.14        -0.23        -0.24      N
1986       04        27.46        27.59        -0.13        -0.17      N
1986       05        27.57        27.71        -0.14        -0.08      N
1986       06        27.47        27.46         0.02         0.03      N
1986       07        27.23        27.02         0.21         0.25      N
1986       08        27.19        26.67         0.52         0.46      N
1986       09        27.27        26.61         0.65         0.64      E
1986       10        27.28        26.54         0.75         0.87      E
1986       11        27.72        26.52         1.20         1.06      E
1986       12        27.72        26.48         1.24         1.21      E
1987       01        27.65        26.46         1.19         1.18      E
1987       02        27.81        26.69         1.12         1.13      E
1987       03        28.23        27.14         1.09         1.02      E
1987       04        28.44        27.59         0.86         0.95      E
1987       05        28.61        27.71         0.89         0.95      E
1987       06        28.56        27.46         1.11         1.11      E
1987       07        28.36        27.02         1.34         1.31      E
1987       08        28.14        26.67         1.47         1.47      E
1987       09        28.20        26.61         1.59         1.50      E
1987       10        27.96        26.54         1.43         1.41      E
1987       11        27.75        26.52         1.23         1.21      E
1987       12        27.45        26.48         0.97         1.01      E
1988       01        27.29        26.46         0.82         0.63      E
1988       02        26.80        26.69         0.11         0.37      N
1988       03        27.32        27.14         0.18        -0.02      N
1988       04        27.23        27.59        -0.36        -0.44      N
1988       05        26.56        27.71        -1.15        -0.98      L
1988       06        26.01        27.46        -1.44        -1.30      L
1988       07        25.72        27.02        -1.30        -1.29      L
1988       08        25.53        26.67        -1.13        -1.14      L
1988       09        25.64        26.61        -0.98        -1.26      L
1988       10        24.86        26.54        -1.68        -1.54      L
1988       11        24.56        26.52        -1.97        -1.81      L
1988       12        24.70        26.48        -1.78        -1.85      L
1989       01        24.66        26.46        -1.80        -1.63      L
1989       02        25.38        26.69        -1.32        -1.37      L
1989       03        26.13        27.14        -1.01        -1.08      L
1989       04        26.67        27.59        -0.92        -0.84      L
1989       05        27.11        27.71        -0.60        -0.60      L
1989       06        27.18        27.46        -0.28        -0.40      N
1989       07        26.72        27.02        -0.30        -0.37      N
1989       08        26.15        26.67        -0.52        -0.36      N
1989       09        26.37        26.61        -0.24        -0.32      N
1989       10        26.33        26.54        -0.21        -0.24      N
1989       11        26.24        26.52        -0.28        -0.11      N
1989       12        26.63        26.48         0.15        -0.04      N
1990       01        26.48        26.46         0.02         0.19      N
1990       02        27.08        26.69         0.39         0.19      N
1990       03        27.30        27.14         0.16         0.31      N
1990       04        27.96        27.59         0.38         0.28      N
1990       05        28.01        27.71         0.30         0.25      N
1990       06        27.55        27.46         0.09         0.25      N
1990       07        27.40        27.02         0.38         0.26      N
1990       08        26.99        26.67         0.32         0.32      N
1990       09        26.88        26.61         0.26         0.31      N
1990       10        26.90        26.54         0.36         0.28      N
1990       11        26.73        26.52         0.21         0.31      N
1990       12        26.85        26.48         0.37         0.35      N
1991       01        27.07        26.61         0.46         0.36      N
1991       02        27.05        26.81         0.24         0.27      N
1991       03        27.38        27.28         0.10         0.23      N
1991       04        28.07        27.71         0.36         0.30      N
1991       05        28.26        27.83         0.43         0.49      N
1991       06        28.30        27.62         0.69         0.64      E
1991       07        27.97        27.18         0.80         0.77      E
1991       08        27.65        26.82         0.83         0.68      E
1991       09        27.18        26.78         0.41         0.72      E
1991       10        27.66        26.74         0.92         0.83      E
1991       11        27.88        26.71         1.17         1.18      E
1991       12        28.13        26.67         1.46         1.43      E
1992       01        28.29        26.61         1.68         1.54      E
1992       02        28.30        26.81         1.49         1.50      E
1992       03        28.62        27.28         1.34         1.41      E
1992       04        29.11        27.71         1.40         1.30      E
1992       05        29.00        27.83         1.17         1.08      E
1992       06        28.30        27.62         0.68         0.73      E
1992       07        27.51        27.18         0.34         0.35      N
1992       08        26.86        26.82         0.04         0.08      N
1992       09        26.65        26.78        -0.13        -0.15      N
1992       10        26.38        26.74        -0.36        -0.22      N
1992       11        26.54        26.71        -0.17        -0.24      N
1992       12        26.48        26.67        -0.18        -0.04      N
1993       01        26.83        26.61         0.22         0.13      N
1993       02        27.17        26.81         0.36         0.31      N
1993       03        27.64        27.28         0.36         0.50      E
1993       04        28.50        27.71         0.79         0.74      E
1993       05        28.90        27.83         1.07         0.76      E
1993       06        28.04        27.62         0.43         0.57      E
1993       07        27.39        27.18         0.21         0.28      N
1993       08        27.03        26.82         0.21         0.22      N
1993       09        27.02        26.78         0.25         0.21      N
1993       10        26.91        26.74         0.17         0.21      N
1993       11        26.92        26.71         0.21         0.20      N
1993       12        26.89        26.67         0.22         0.19      N
1994       01        26.76        26.61         0.15         0.07      N
1994       02        26.66        26.81        -0.16         0.01      N
1994       03        27.30        27.28         0.02         0.04      N
1994       04        27.98        27.71         0.27         0.17      N
1994       05        28.07        27.83         0.23         0.26      N
1994       06        27.89        27.62         0.27         0.24      N
1994       07        27.38        27.18         0.20         0.30      N
1994       08        27.26        26.82         0.44         0.30      N
1994       09        27.04        26.78         0.26         0.47      N
1994       10        27.46        26.74         0.72         0.66      E
1994       11        27.72        26.71         1.01         0.93      E
1994       12        27.74        26.67         1.08         0.98      E
1995       01        27.45        26.61         0.84         0.89      E
1995       02        27.56        26.81         0.75         0.66      E
1995       03        27.67        27.28         0.39         0.46      N
1995       04        27.96        27.71         0.25         0.20      N
1995       05        27.78        27.83        -0.05         0.03      N
1995       06        27.51        27.62        -0.11        -0.11      N
1995       07        27.02        27.18        -0.16        -0.29      N
1995       08        26.20        26.82        -0.62        -0.54      L
1995       09        25.92        26.78        -0.85        -0.80      L
1995       10        25.81        26.74        -0.93        -0.96      L
1995       11        25.61        26.71        -1.10        -1.04      L
1995       12        25.58        26.67        -1.09        -1.00      L
1996       01        25.75        26.57        -0.82        -0.88      L
1996       02        26.03        26.76        -0.73        -0.70      L
1996       03        26.68        27.24        -0.55        -0.52      L
1996       04        27.47        27.73        -0.27        -0.35      N
1996       05        27.61        27.84        -0.23        -0.24      N
1996       06        27.38        27.61        -0.23        -0.23      N
1996       07        26.93        27.17        -0.24        -0.21      N
1996       08        26.67        26.84        -0.17        -0.26      N
1996       09        26.35        26.73        -0.38        -0.29      N
1996       10        26.34        26.67        -0.33        -0.33      N
1996       11        26.37        26.64        -0.27        -0.38      N
1996       12        26.02        26.57        -0.55        -0.41      N
1997       01        26.15        26.57        -0.42        -0.40      N
1997       02        26.52        26.76        -0.24        -0.26      N
1997       03        27.12        27.24        -0.11        -0.03      N
1997       04        28.00        27.73         0.26         0.30      N
1997       05        28.59        27.84         0.75         0.72      E
1997       06        28.74        27.61         1.13         1.13      E
1997       07        28.69        27.17         1.52         1.49      E
1997       08        28.64        26.84         1.80         1.79      E
1997       09        28.79        26.73         2.06         2.04      E
1997       10        28.94        26.67         2.26         2.25      E
1997       11        29.06        26.64         2.42         2.35      E
1997       12        28.93        26.57         2.36         2.37      E
1998       01        28.89        26.57         2.33         2.23      E
1998       02        28.74        26.76         1.98         1.92      E
1998       03        28.67        27.24         1.43         1.40      E
1998       04        28.52        27.73         0.79         1.03      E
1998       05        28.72        27.84         0.88         0.40      N
1998       06        27.15        27.61        -0.45        -0.08      N
1998       07        26.52        27.17        -0.65        -0.63      L
1998       08        26.05        26.84        -0.79        -0.82      L
1998       09        25.69        26.73        -1.04        -1.01      L
1998       10        25.46        26.67        -1.21        -1.12      L
1998       11        25.53        26.64        -1.10        -1.30      L
1998       12        24.98        26.57        -1.59        -1.46      L
1999       01        24.87        26.57        -1.70        -1.50      L
1999       02        25.54        26.76        -1.22        -1.25      L
1999       03        26.41        27.24        -0.82        -0.92      L
1999       04        27.01        27.73        -0.72        -0.80      L
1999       05        27.00        27.84        -0.85        -0.79      L
1999       06        26.81        27.61        -0.79        -0.83      L
1999       07        26.31        27.17        -0.86        -0.90      L
1999       08        25.80        26.84        -1.04        -0.94      L
1999       09        25.81        26.73        -0.92        -0.99      L
1999       10        25.65        26.67        -1.02        -1.13      L
1999       11        25.19        26.64        -1.45        -1.35      L
1999       12        24.99        26.57        -1.57        -1.52      L
2000       01        25.02        26.57        -1.55        -1.46      L
2000       02        25.50        26.76        -1.26        -1.26      L
2000       03        26.26        27.24        -0.97        -0.98      L
2000       04        27.04        27.73        -0.69        -0.80      L
2000       05        27.09        27.84        -0.75        -0.67      L
2000       06        27.05        27.61        -0.56        -0.61      L
2000       07        26.64        27.17        -0.53        -0.47      N
2000       08        26.52        26.84        -0.32        -0.39      N
2000       09        26.41        26.73        -0.32        -0.41      N
2000       10        26.08        26.67        -0.59        -0.53      L
2000       11        25.95        26.64        -0.69        -0.76      L
2000       12        25.58        26.57        -0.98        -0.78      L
2001       01        25.82        26.48        -0.66        -0.76      L
2001       02        26.06        26.69        -0.63        -0.54      L
2001       03        26.89        27.21        -0.32        -0.43      N
2001       04        27.44        27.78        -0.34        -0.28      N
2001       05        27.69        27.88        -0.19        -0.19      N
2001       06        27.64        27.67        -0.03        -0.07      N
2001       07        27.26        27.26        -0.00        -0.04      N
2001       08        26.81        26.91        -0.10        -0.13      N
2001       09        26.51        26.80        -0.29        -0.15      N
2001       10        26.69        26.76        -0.07        -0.25      N
2001       11        26.36        26.77        -0.41        -0.32      N
2001       12        26.17        26.66        -0.49        -0.32      N
2002       01        26.44        26.48        -0.05        -0.14      N
2002       02        26.79        26.69         0.11         0.07      N
2002       03        27.37        27.21         0.16         0.12      N
2002       04        27.87        27.78         0.08         0.16      N
2002       05        28.11        27.88         0.23         0.30      N
2002       06        28.27        27.67         0.60         0.46      N
2002       07        27.80        27.26         0.54         0.58      E
2002       08        27.50        26.91         0.59         0.64      E
2002       09        27.59        26.80         0.79         0.78      E
2002       10        27.73        26.76         0.97         1.00      E
2002       11        28.01        26.77         1.24         1.19      E
2002       12        28.03        26.66         1.37         1.09      E
2003       01        27.13        26.48         0.64         0.90      E
2003       02        27.38        26.69         0.69         0.60      E
2003       03        27.67        27.21         0.46         0.38      N
2003       04        27.79        27.78         0.01        -0.00      N
2003       05        27.40        27.88        -0.48        -0.17      N
2003       06        27.62        27.67        -0.05        -0.13      N
2003       07        27.40        27.26         0.13         0.10      N
2003       08        27.12        26.91         0.21         0.14      N
2003       09        26.88        26.80         0.08         0.23      N
2003       10        27.16        26.76         0.40         0.23      N
2003       11        26.98        26.77         0.21         0.30      N
2003       12        26.93        26.66         0.28         0.30      N
2004       01        26.89        26.48         0.41         0.34      N
2004       02        27.03        26.69         0.34         0.27      N
2004       03        27.28        27.21         0.07         0.19      N
2004       04        27.94        27.78         0.16         0.10      N
2004       05        27.96        27.88         0.08         0.12      N
2004       06        27.80        27.67         0.13         0.23      N
2004       07        27.74        27.26         0.47         0.39      N
2004       08        27.49        26.91         0.58         0.55      E
2004       09        27.39        26.80         0.59         0.58      E
2004       10        27.34        26.76         0.58         0.61      E
2004       11        27.43        26.77         0.66         0.65      E
2004       12        27.36        26.66         0.70         0.71      E
2005       01        27.26        26.48         0.77         0.63      E
2005       02        27.09        26.69         0.40         0.56      E
2005       03        27.71        27.21         0.50         0.40      N
2005       04        28.09        27.78         0.30         0.37      N
2005       05        28.20        27.88         0.32         0.28      N
2005       06        27.87        27.67         0.20         0.10      N
2005       07        27.04        27.26        -0.22        -0.04      N
2005       08        26.82        26.91        -0.09        -0.14      N
2005       09        26.69        26.80        -0.10        -0.10      N
2005       10        26.64        26.76        -0.12        -0.27      N
2005       11        26.19        26.77        -0.59        -0.56      L
2005       12        25.67        26.66        -0.99        -0.81      L
2006       01        25.73        26.61        -0.87        -0.86      L
2006       02        26.09        26.80        -0.71        -0.79      L
2006       03        26.51        27.31        -0.80        -0.63      L
2006       04        27.53        27.90        -0.37        -0.44      N
2006       05        27.82        27.98        -0.16        -0.18      N
2006       06        27.74        27.76        -0.02        -0.05      N
2006       07        27.34        27.31         0.03         0.13      N
2006       08        27.28        26.90         0.37         0.34      N
2006       09        27.34        26.74         0.60         0.54      E
2006       10        27.41        26.75         0.66         0.72      E
2006       11        27.66        26.77         0.89         0.89      E
2006       12        27.74        26.62         1.12         0.89      E
2007       01        27.25        26.61         0.65         0.62      E
2007       02        26.90        26.80         0.11         0.19      N
2007       03        27.14        27.31        -0.17        -0.11      N
2007       04        27.63        27.90        -0.27        -0.31      N
2007       05        27.48        27.98        -0.50        -0.34      N
2007       06        27.52        27.76        -0.24        -0.41      N
2007       07        26.83        27.31        -0.49        -0.48      N
2007       08        26.18        26.90        -0.72        -0.76      L
2007       09        25.66        26.74        -1.08        -1.05      L
2007       10        25.42        26.75        -1.34        -1.37      L
2007       11        25.07        26.77        -1.70        -1.57      L
2007       12        24.96        26.62        -1.66        -1.72      L
2008       01        24.81        26.61        -1.79        -1.75      L
2008       02        25.00        26.80        -1.80        -1.61      L
2008       03        26.07        27.31        -1.24        -1.36      L
2008       04        26.85        27.90        -1.05        -1.04      L
2008       05        27.15        27.98        -0.83        -0.84      L
2008       06        27.12        27.76        -0.64        -0.55      L
2008       07        27.13        27.31        -0.18        -0.33      N
2008       08        26.74        26.90        -0.16        -0.20      N
2008       09        26.49        26.74        -0.25        -0.24      N
2008       10        26.45        26.75        -0.31        -0.35      N
2008       11        26.28        26.77        -0.49        -0.56      L
2008       12        25.74        26.62        -0.89        -0.79      L
2009       01        25.63        26.61        -0.98        -0.88      L
2009       02        26.02        26.80        -0.78        -0.83      L
2009       03        26.57        27.31        -0.74        -0.63      L
2009       04        27.54        27.90        -0.37        -0.34      N
2009       05        28.05        27.98         0.07         0.04      N
2009       06        28.17        27.76         0.41         0.35      N
2009       07        27.87        27.31         0.56         0.50      E
2009       08        27.44        26.90         0.53         0.56      E
2009       09        27.34        26.74         0.60         0.66      E
2009       10        27.60        26.75         0.85         0.93      E
2009       11        28.10        26.77         1.34         1.31      E
2009       12        28.37        26.62         1.74         1.50      E
2010       01        28.03        26.61         1.42         1.48      E
2010       02        28.07        26.80         1.27         1.21      E
2010       03        28.26        27.31         0.95         0.88      E
2010       04        28.34        27.90         0.43         0.38      N
2010       05        27.74        27.98        -0.24        -0.15      N
2010       06        27.10        27.76        -0.66        -0.65      L
2010       07        26.26        27.31        -1.06        -0.98      L
2010       08        25.69        26.90        -1.22        -1.24      L
2010       09        25.30        26.74        -1.44        -1.43      L
2010       10        25.13        26.75        -1.63        -1.54      L
2010       11        25.22        26.77        -1.55        -1.57      L
2010       12        25.09        26.62        -1.53        -1.47      L
2011       01        25.11        26.44        -1.34        -1.29      L
2011       02        25.66        26.66        -1.00        -1.06      L
2011       03        26.39        27.22        -0.83        -0.85      L
2011       04        27.09        27.79        -0.71        -0.68      L
2011       05        27.38        27.88        -0.50        -0.49      N
2011       06        27.43        27.71        -0.28        -0.33      N
2011       07        27.06        27.29        -0.22        -0.37      N
2011       08        26.27        26.87        -0.60        -0.50      N
2011       09        26.04        26.71        -0.68        -0.76      L
2011       10        25.70        26.71        -1.01        -0.93      L
2011       11        25.59        26.71        -1.12        -1.01      L
2011       12        25.61        26.53        -0.91        -0.91      L
2012       01        25.74        26.44        -0.70        -0.70      L
2012       02        26.17        26.66        -0.49        -0.55      L
2012       03        26.76        27.22        -0.46        -0.44      N
2012       04        27.44        27.79        -0.36        -0.34      N
2012       05        27.67        27.88        -0.21        -0.17      N
2012       06        27.76        27.71         0.05         0.04      N
2012       07        27.55        27.29         0.27         0.28      N
2012       08        27.41        26.87         0.54         0.39      N
2012       09        27.09        26.71         0.38         0.37      N
2012       10        26.91        26.71         0.20         0.28      N
2012       11        26.98        26.71         0.28         0.14      N
2012       12        26.47        26.53        -0.06        -0.02      N
2013       01        26.16        26.44        -0.28        -0.24      N
2013       02        26.28        26.66        -0.38        -0.27      N
2013       03        27.06        27.22        -0.16        -0.22      N
2013       04        27.66        27.79        -0.13        -0.20      N
2013       05        27.58        27.88        -0.30        -0.30      N
2013       06        27.24        27.71        -0.47        -0.38      N
2013       07        26.93        27.29        -0.36        -0.44      N
2013       08        26.37        26.87        -0.51        -0.34      N
2013       09        26.56        26.71        -0.15        -0.31      N
2013       10        26.43        26.71        -0.27        -0.13      N
2013       11        26.74        26.71         0.03        -0.12      N
2013       12        26.42        26.53        -0.11        -0.10      N
2014       01        26.21        26.44        -0.24        -0.23      N
2014       02        26.31        26.66        -0.35        -0.20      N
2014       03        27.21        27.22        -0.02        -0.02      N
2014       04        28.12        27.79         0.33         0.26      N
2014       05        28.34        27.88         0.46         0.35      N
2014       06        27.98        27.71         0.27         0.22      N
2014       07        27.22        27.29        -0.07         0.07      N
2014       08        26.88        26.87         0.01         0.08      N
2014       09        27.01        26.71         0.30         0.24      N
2014       10        27.14        26.71         0.43         0.52      E
2014       11        27.53        26.71         0.82         0.71      E
2014       12        27.40        26.53         0.87         0.80      E
2015       01        27.16        26.44         0.72         0.74      E
2015       02        27.29        26.66         0.63         0.65      E
2015       03        27.84        27.22         0.62         0.73      E
2015       04        28.74        27.79         0.94         0.86      E
2015       05        28.90        27.88         1.02         1.04      E
2015       06        28.88        27.71         1.17         1.20      E
2015       07        28.69        27.29         1.40         1.44      E
2015       08        28.63        26.87         1.76         1.74      E
2015       09        28.77        26.71         2.06         2.03      E
2015       10        28.97        26.71         2.26         2.29      E
2015       11        29.24        26.71         2.54         2.46      E
2015       12        29.11        26.53         2.58         2.59      E
2016       01        29.11        26.44         2.67         2.51      E
2016       02        28.93        26.66         2.27         2.22      E
2016       03        28.93        27.22         1.71         1.70      E
2016       04        28.90        27.79         1.10         1.11      E
2016       05        28.39        27.88         0.52         0.58      E
2016       06        27.82        27.71         0.11         0.10      N
2016       07        26.95        27.29        -0.34        -0.19      N
2016       08        26.54        26.87        -0.33        -0.33      N
2016       09        26.39        26.71        -0.33        -0.42      N
2016       10        26.12        26.71        -0.59        -0.51      L
2016       11        26.10        26.71        -0.60        -0.49      N
2016       12        26.26        26.53        -0.27        -0.37      N
2017       01        26.21        26.44        -0.23        -0.07      N
2017       02        26.95        26.66         0.29         0.09      N
2017       03        27.43        27.22         0.21         0.28      N
2017       04        28.13        27.79         0.34         0.32      N
2017       05        28.31        27.88         0.43         0.36      N
2017       06        28.02        27.71         0.31         0.32      N
2017       07        27.51        27.29         0.22         0.15      N
2017       08        26.78        26.87        -0.09        -0.06      N
2017       09        26.40        26.71        -0.31        -0.22      N
2017       10        26.44        26.71        -0.26        -0.43      N
2017       11        25.99        26.71        -0.72        -0.60      L
2017       12        25.71        26.53        -0.82        -0.75      L
2018       01        25.73        26.44        -0.71        -0.71      L
2018       02        26.08        26.66        -0.58        -0.67      L
2018       03        26.53        27.22        -0.70        -0.54      L
2018       04        27.45        27.79        -0.34        -0.35      N
2018       05        27.87        27.88        -0.01        -0.07      N
2018       06        27.86        27.71         0.15         0.14      N
2018       07        27.56        27.29         0.28         0.21      N
2018       08        27.07        26.87         0.19         0.30      N
2018       09        27.15        26.71         0.43         0.52      E
2018       10        27.65        26.71         0.95         0.82      E
2018       11        27.79        26.71         1.08         1.05      E
2018       12        27.65        26.53         1.12         1.06      E
2019       01        27.41        26.44         0.97         1.00      E
2019       02        27.56        26.66         0.90         0.94      E
2019       03        28.18        27.22         0.96         0.87      E
2019       04        28.55        27.79         0.76         0.83      E
2019       05        28.64        27.88         0.76         0.71      E
2019       06        28.33        27.71         0.62         0.59      E
2019       07        27.69        27.29         0.40         0.39      N
2019       08        27.02        26.87         0.15         0.21      N
2019       09        26.79        26.71         0.08         0.31      N
2019       10        27.43        26.71         0.72         0.51      E
2019       11        27.44        26.71         0.73         0.72      E
2019       12        27.24        26.53         0.71         0.76      E
2020       01        27.27        26.44         0.83         0.72      E
2020       02        27.26        26.66         0.60         0.67      E
2020       03        27.80        27.22         0.57         0.57      E
2020       04        28.34        27.79         0.54         0.34      N
2020       05        27.78        27.88        -0.10         0.04      N
2020       06        27.39        27.71        -0.32        -0.17      N
2020       07        27.20        27.29        -0.09        -0.29      N
2020       08        26.42        26.87        -0.45        -0.43      N
2020       09        25.97        26.71        -0.75        -0.77      L
2020       10        25.60        26.71        -1.11        -1.00      L
2020       11        25.58        26.71        -1.13        -1.10      L
2020       12        25.46        26.53        -1.07        -1.05      L
2021       01        25.49        26.44        -0.96        -0.99      L
2021       02        25.72        26.66        -0.94        -0.85      L
2021       03        26.57        27.22        -0.66        -0.74      L
2021       04        27.17        27.79        -0.62        -0.56      L
2021       05        27.48        27.88        -0.40        -0.40      N
2021       06        27.54        27.71        -0.17        -0.31      N
2021       07        26.93        27.29        -0.36        -0.34      N
2021       08        26.38        26.87        -0.49        -0.46      N
2021       09        26.18        26.71        -0.53        -0.63      L
2021       10        25.83        26.71        -0.87        -0.76      L
2021       11        25.83        26.71        -0.88        -0.90      L
2021       12        25.57        26.53        -0.96        -0.83      L
2022       01        25.80        26.44        -0.64        -0.75      L
2022       02        26.00        26.66        -0.66        -0.68      L
2022       03        26.49        27.22        -0.73        -0.77      L
2022       04        26.89        27.79        -0.90        -0.86      L
2022       05        26.95        27.88        -0.93        -0.83      L
2022       06        27.05        27.71        -0.66        -0.73      L
2022       07        26.70        27.29        -0.59        -0.69      L
2022       08        26.05        26.87        -0.82        -0.78      L
2022       09        25.80        26.71        -0.91        -0.87      L
2022       10        25.84        26.71        -0.87        -0.89      L
2022       11        25.82        26.71        -0.89        -0.81      L
2022       12        25.85        26.53        -0.68        -0.70      L
2023       01        25.92        26.44        -0.53        -0.54      L
2023       02        26.24        26.66        -0.42        -0.32      N
2023       03        27.20        27.22        -0.02        -0.11      N
2023       04        27.92        27.79         0.12         0.19      N
2023       05        28.36        27.88         0.48         0.46      N
2023       06        28.50        27.71         0.79         0.74      E
2023       07        28.24        27.29         0.95         1.00      E
2023       08        28.15        26.87         1.28         1.26      E
2023       09        28.26        26.71         1.55         1.50      E
2023       10        28.39        26.71         1.68         1.75      E
2023       11        28.72        26.71         2.01         1.91      E
2023       12        28.55        26.53         2.02         1.99      E
2024       01        28.39        26.44         1.95         1.84      E
2024       02        28.22        26.66         1.56         1.53      E
2024       03        28.31        27.22         1.09         1.18      E
2024       04        28.69        27.79         0.89         0.78      E
2024       05        28.22        27.88         0.34         0.44      N
2024       06        27.78        27.71         0.08         0.18      N
2024       07        27.42        27.29         0.13         0.07      N
2024       08        26.87        26.87        -0.00        -0.03      N
2024       09        26.49        26.71        -0.22        -0.12      N
2024       10        26.58        26.71        -0.13        -0.19      N
2024       11        26.50        26.71        -0.21        -0.29      N
2024       12        26.00        26.53        -0.53        -0.42      N
2025       01        25.92        26.44        -0.53        -0.45      N
2025       02        26.36        26.66        -0.30        -0.22      N
2025       03        27.40        27.22         0.18        -0.07      N
2025       04        27.70        27.79        -0.10         0.02      N
2025       05        27.87        27.88        -0.01        -0.03      N
2025       06        27.72        27.71         0.01        -0.01      N
2025       07        27.25        27.29        -0.04        -0.11      N
2025       08        26.57        26.87        -0.30        -0.26      N
2025       09        26.28        26.71        -0.44        -0.43      N
2025       10        26.16        26.71        -0.55        -0.57      L
2025       11        25.99        26.71        -0.72        -0.60      L
2025       12        25.99        26.53        -0.54        -0.59      L
2026       01        25.92        26.44        -0.52        -0.39      N
2026       02        26.55        26.66        -0.11        -0.20      N
2026       03        27.25        27.22         0.03         0.12      N
2026       04        28.23        27.79         0.43         0.46      N
2026       05        28.81        27.88         0.93         0.94      E
2026       06        29.17        27.71         1.46         1.39      E
2026       07        29.06        27.29         1.77         1.80      E
2026       08        29.04        26.87         2.17       -99.99      M
2026       09       -99.99        26.71       -99.99       -99.99      M
2026       10       -99.99        26.71       -99.99       -99.99      M
2026       11       -99.99        26.71       -99.99       -99.99      M
2026       12       -99.99        26.53       -99.99       -99.99      M
