NOAA ERSSTv6 data: https://downloads.psl.noaa.gov/Datasets/noaa.ersst.v6/
MON        : month for Nino34 values, 3-month season centered on that month (01=DJF,08=JAS,etc)
NINO34_MEAN: monthly average SST (°C) in Nino 3.4 region (5S-5N, 190E-240E)
NINO34_CLIM: climatological (1991-2020) monthly average SST in Nino 3.4 region
TROP_MEAN  : monthly average SST (°C) in global tropics (20S-20N, 0-360E)
TROP_CLIM  : climatological (1991-2020) monthly average SST in global tropics
RONI       : 3-month average scaled anomaly (°C) centered on given month
PHASE      : flags RONI value as Missing (M), El Nino (E), Neutral (N), La Nina (L)
Data table generated by Brian McNoldy, University of Miami (bmcnoldy@miami.edu)
This table and graphics available at https://bmcnoldy.earth.miami.edu/tropics/roni/

YEAR   MON  NINO34_MEAN  NINO34_CLIM    TROP_MEAN    TROP_CLIM         RONI  PHASE
1850    01        25.99        26.61        26.65        27.09       -99.99      M
1850    02        25.36        26.80        26.84        27.25        -1.14      L
1850    03        25.09        27.31        26.84        27.59        -1.51      L
1850    04        26.23        27.90        27.07        27.85        -1.16      L
1850    05        27.41        27.98        27.36        27.78        -0.69      L
1850    06        26.86        27.76        26.97        27.37        -0.09      N
1850    07        27.38        27.31        26.56        26.92        -0.05      N
1850    08        26.32        26.90        26.20        26.72         0.28      N
1850    09        26.57        26.74        26.28        26.80         0.33      N
1850    10        27.01        26.75        26.71        27.02         0.28      N
1850    11        26.13        26.77        26.72        27.15        -0.13      N
1850    12        25.57        26.62        26.76        27.12        -0.54      L
1851    01        25.78        26.61        26.70        27.09        -0.81      L
1851    02        25.39        26.80        26.67        27.25        -0.74      L
1851    03        26.23        27.31        26.98        27.59        -0.92      L
1851    04        26.35        27.90        27.07        27.85        -0.39      N
1851    05        27.73        27.98        27.12        27.78        -0.25      N
1851    06        27.24        27.76        27.05        27.37         0.14      N
1851    07        27.22        27.31        26.72        26.92         0.09      N
1851    08        27.02        26.90        26.52        26.72         0.57      E
1851    09        27.48        26.74        26.54        26.80         0.16      N
1851    10        25.45        26.75        26.64        27.02        -0.17      N
1851    11        26.07        26.77        26.95        27.15        -0.63      L
1851    12        26.16        26.62        26.78        27.12        -0.78      L
1852    01        24.71        26.61        26.49        27.09        -0.85      L
1852    02        25.39        26.80        26.45        27.25        -1.14      L
1852    03        26.01        27.31        27.07        27.59        -0.93      L
1852    04        26.79        27.90        27.44        27.85        -0.87      L
1852    05        27.14        27.98        27.36        27.78        -0.89      L
1852    06        26.66        27.76        27.13        27.37        -0.30      N
1852    07        27.70        27.31        26.75        26.92        -0.45      N
1852    08        25.70        26.90        26.35        26.72         0.27      N
1852    09        27.52        26.74        26.63        26.80         0.14      N
1852    10        26.85        26.75        26.88        27.02         0.52      E
1852    11        26.70        26.77        27.00        27.15        -0.01      N
1852    12        25.94        26.62        26.79        27.12        -0.21      N
1853    01        25.94        26.61        26.69        27.09        -0.36      N
1853    02        26.33        26.80        27.02        27.25        -0.27      N
1853    03        26.97        27.31        27.39        27.59        -0.43      N
1853    04        26.93        27.90        27.45        27.85        -0.25      N
1853    05        27.69        27.98        27.31        27.78         0.12      N
1853    06        28.05        27.76        27.02        27.37         0.18      N
1853    07        26.67        27.31        26.68        26.92        -0.07      N
1853    08        26.09        26.90        26.33        26.72        -0.45      N
1853    09        25.91        26.74        26.27        26.80        -0.45      N
1853    10        25.99        26.75        26.64        27.02        -0.05      N
1853    11        27.10        26.77        26.91        27.15         0.22      N
1853    12        26.62        26.62        26.77        27.12         0.38      N
1854    01        26.16        26.61        26.65        27.09        -0.12      N
1854    02        25.86        26.80        26.94        27.25        -0.36      N
1854    03        26.66        27.31        27.16        27.59        -0.44      N
1854    04        27.44        27.90        27.54        27.85        -0.07      N
1854    05        27.93        27.98        27.51        27.78         0.11      N
1854    06        27.65        27.76        27.09        27.37         0.15      N
1854    07        26.78        27.31        26.42        26.92        -0.35      N
1854    08        25.37        26.90        26.19        26.72        -0.70      L
1854    09        25.67        26.74        26.45        26.80        -0.46      N
1854    10        27.04        26.75        26.72        27.02        -0.26      N
1854    11        25.68        26.77        26.59        27.15        -0.33      N
1854    12        25.14        26.62        26.52        27.12        -0.47      N
1855    01        26.40        26.61        26.63        27.09         0.00      N
1855    02        27.10        26.80        26.92        27.25         0.38      N
1855    03        26.91        27.31        27.20        27.59         0.46      N
1855    04        27.77        27.90        27.30        27.85         0.33      N
1855    05        27.68        27.98        27.15        27.78         0.28      N
1855    06        27.11        27.76        26.83        27.37         0.19      N
1855    07        26.92        27.31        26.31        26.92         0.33      N
1855    08        27.20        26.90        26.31        26.72         0.26      N
1855    09        26.02        26.74        26.36        26.80         0.46      N
1855    10        27.19        26.75        26.73        27.02         0.49      N
1855    11        27.36        26.77        26.98        27.15         1.58      E
1855    12        28.91        26.62        27.02        27.12         1.63      E
1856    01        27.19        26.61        26.85        27.09         1.58      E
1856    02        27.10        26.80        27.01        27.25         0.83      E
1856    03        27.33        27.31        27.05        27.59         0.42      N
1856    04        27.09        27.90        27.20        27.85        -0.16      N
1856    05        26.69        27.98        27.24        27.78        -0.83      L
1856    06        26.19        27.76        26.73        27.37        -0.89      L
1856    07        26.32        27.31        26.37        26.92        -0.91      L
1856    08        25.21        26.90        25.95        26.72        -1.04      L
1856    09        24.84        26.74        26.16        26.80        -1.53      L
1856    10        24.58        26.75        26.48        27.02        -1.75      L
1856    11        24.60        26.77        26.42        27.15        -2.18      L
1856    12        23.45        26.62        26.23        27.12        -2.16      L
1857    01        24.31        26.61        26.35        27.09        -2.04      L
1857    02        25.11        26.80        26.61        27.25        -1.79      L
1857    03        24.70        27.31        26.58        27.59        -1.40      L
1857    04        26.56        27.90        27.00        27.85        -0.87      L
1857    05        27.27        27.98        26.86        27.78         0.02      N
1857    06        27.38        27.76        26.66        27.37         0.04      N
1857    07        26.24        27.31        26.31        26.92        -0.22      N
1857    08        25.84        26.90        26.08        26.72        -0.35      N
1857    09        26.21        26.74        26.29        26.80        -0.19      N
1857    10        26.08        26.75        26.39        27.02        -0.09      N
1857    11        26.02        26.77        26.57        27.15        -0.29      N
1857    12        25.40        26.62        26.41        27.12         0.26      N
1858    01        27.48        26.61        26.67        27.09         0.56      E
1858    02        26.77        26.80        26.68        27.25         0.90      E
1858    03        26.96        27.31        26.97        27.59         0.29      N
1858    04        27.04        27.90        27.14        27.85         0.29      N
1858    05        27.85        27.98        27.14        27.78         0.21      N
1858    06        27.30        27.76        26.82        27.37         0.12      N
1858    07        26.51        27.31        26.46        26.92        -0.20      N
1858    08        26.38        26.90        26.45        26.72        -0.27      N
1858    09        26.05        26.74        26.21        26.80        -0.21      N
1858    10        26.23        26.75        26.68        27.02        -0.09      N
1858    11        26.46        26.77        26.79        27.15        -0.00      N
1858    12        26.20        26.62        26.56        27.12        -0.10      N
1859    01        25.66        26.61        26.57        27.09        -0.05      N
1859    02        26.59        26.80        26.88        27.25        -0.08      N
1859    03        26.87        27.31        27.08        27.59        -0.60      L
1859    04        25.72        27.90        27.25        27.85        -0.88      L
1859    05        27.17        27.98        27.37        27.78        -1.17      L
1859    06        26.48        27.76        26.70        27.37        -0.65      L
1859    07        26.06        27.31        26.22        26.92        -0.32      N
1859    08        26.97        26.90        26.44        26.72        -0.61      L
1859    09        24.74        26.74        26.13        26.80        -0.28      N
1859    10        26.47        26.75        26.45        27.02        -0.48      N
1859    11        26.18        26.77        26.71        27.15        -0.20      N
1859    12        25.63        26.62        26.78        27.12        -0.57      L
1860    01        25.49        26.61        26.57        27.09        -0.69      L
1860    02        26.00        26.80        26.85        27.25        -0.53      L
1860    03        26.50        27.31        27.02        27.59        -0.82      L
1860    04        26.06        27.90        27.23        27.85        -0.38      N
1860    05        28.11        27.98        27.28        27.78        -0.26      N
1860    06        27.16        27.76        26.75        27.37        -0.22      N
1860    07        25.35        27.31        26.13        26.92        -0.40      N
1860    08        26.73        26.90        26.40        26.72        -0.45      N
1860    09        26.45        26.74        26.61        26.80        -0.65      L
1860    10        24.29        26.75        26.22        27.02        -0.64      L
1860    11        26.47        26.77        26.66        27.15        -0.88      L
1860    12        25.30        26.62        26.49        27.12         0.14      N
1861    01        27.02        26.61        26.68        27.09        -0.31      N
1861    02        24.63        26.80        25.96        27.25        -0.71      L
1861    03        24.86        27.31        26.76        27.59        -1.12      L
1861    04        27.35        27.90        27.32        27.85        -1.15      L
1861    05        26.12        27.98        26.78        27.78        -0.38      N
1861    06        27.00        27.76        26.57        27.37        -0.21      N
1861    07        27.20        27.31        26.49        26.92        -0.17      N
1861    08        25.31        26.90        25.91        26.72        -0.75      L
1861    09        24.62        26.74        26.11        26.80        -0.67      L
1861    10        26.92        26.75        26.67        27.02        -1.04      L
1861    11        24.53        26.77        26.59        27.15        -0.58      L
1861    12        25.97        26.62        26.74        27.12        -1.07      L
1862    01        25.17        26.61        26.31        27.09        -0.39      N
1862    02        26.05        26.80        26.51        27.25        -0.36      N
1862    03        26.38        27.31        26.85        27.59        -0.35      N
1862    04        26.78        27.90        27.33        27.85        -0.63      L
1862    05        26.72        27.98        27.10        27.78        -0.26      N
1862    06        27.60        27.76        26.61        27.37         0.42      N
1862    07        27.68        27.31        26.32        26.92         0.16      N
1862    08        24.93        26.90        25.92        26.72        -0.31      N
1862    09        25.51        26.74        26.15        26.80        -0.45      N
1862    10        26.95        26.75        26.58        27.02        -0.22      N
1862    11        25.43        26.77        26.41        27.15        -0.87      L
1862    12        23.41        26.62        26.08        27.12        -1.12      L
1863    01        25.90        26.61        26.36        27.09        -0.99      L
1863    02        26.09        26.80        26.77        27.25        -0.59      L
1863    03        25.34        27.31        26.80        27.59        -0.96      L
1863    04        26.46        27.90        27.15        27.85        -1.16      L
1863    05        26.57        27.98        26.96        27.78        -1.41      L
1863    06        24.98        27.76        26.39        27.37        -1.82      L
1863    07        24.41        27.31        25.95        26.92        -1.81      L
1863    08        25.38        26.90        25.99        26.72        -1.88      L
1863    09        23.86        26.74        25.94        26.80        -1.95      L
1863    10        23.80        26.75        26.15        27.02        -2.34      L
1863    11        24.47        26.77        26.53        27.15        -1.88      L
1863    12        25.34        26.62        26.68        27.12        -1.29      L
1864    01        25.11        26.61        26.22        27.09        -1.17      L
1864    02        24.23        26.80        26.01        27.25        -1.14      L
1864    03        25.54        27.31        26.56        27.59        -0.43      N
1864    04        28.54        27.90        27.40        27.85        -0.01      N
1864    05        27.04        27.98        27.21        27.78         0.55      E
1864    06        27.66        27.76        26.76        27.37        -0.36      N
1864    07        25.82        27.31        26.44        26.92         0.28      N
1864    08        27.46        26.90        26.07        26.72         0.72      E
1864    09        27.99        26.74        26.43        26.80         1.76      E
1864    10        28.10        26.75        26.77        27.02         1.68      E
1864    11        27.46        26.77        26.92        27.15         1.53      E
1864    12        27.66        26.62        26.94        27.12         0.50      E
1865    01        25.30        26.61        26.71        27.09         0.01      N
1865    02        26.45        26.80        27.17        27.25        -0.57      L
1865    03        26.81        27.31        27.23        27.59        -0.54      L
1865    04        26.71        27.90        27.47        27.85        -0.77      L
1865    05        26.83        27.98        27.35        27.78        -0.32      N
1865    06        28.51        27.76        27.29        27.37         0.27      N
1865    07        27.71        27.31        26.77        26.92         0.38      N
1865    08        26.10        26.90        26.34        26.72        -0.30      N
1865    09        25.69        26.74        26.62        26.80        -0.32      N
1865    10        27.24        26.75        27.02        27.02        -0.20      N
1865    11        26.26        26.77        26.78        27.15         0.31      N
1865    12        26.74        26.62        26.85        27.12         0.76      E
1866    01        28.44        26.61        27.34        27.09         1.02      E
1866    02        27.04        26.80        27.04        27.25         1.26      E
1866    03        28.29        27.31        27.67        27.59        -0.20      N
1866    04        25.13        27.90        26.88        27.85        -0.73      L
1866    05        26.34        27.98        26.81        27.78        -0.72      L
1866    06        28.75        27.76        27.48        27.37        -0.12      N
1866    07        26.63        27.31        26.74        26.92         0.42      N
1866    08        27.43        26.90        26.58        26.72        -0.12      N
1866    09        25.77        26.74        26.30        26.80        -0.46      N
1866    10        24.60        26.75        26.22        27.02        -1.08      L
1866    11        25.65        26.77        26.88        27.15        -1.74      L
1866    12        23.87        26.62        26.44        27.12        -1.42      L
1867    01        25.41        26.61        26.45        27.09        -2.18      L
1867    02        23.29        26.80        26.33        27.25        -1.36      L
1867    03        27.10        27.31        27.43        27.59        -1.63      L
1867    04        26.17        27.90        27.15        27.85        -0.83      L
1867    05        26.77        27.98        27.29        27.78        -0.33      N
1867    06        28.49        27.76        27.08        27.37         0.28      N
1867    07        27.11        27.31        26.35        26.92        -0.12      N
1867    08        24.67        26.90        26.17        26.72        -0.47      N
1867    09        26.51        26.74        26.44        26.80        -1.43      L
1867    10        24.06        26.75        26.36        27.02        -0.99      L
1867    11        25.79        26.77        26.72        27.15        -1.44      L
1867    12        25.00        26.62        26.44        27.12        -0.99      L
1868    01        25.03        26.61        26.43        27.09        -0.07      N
1868    02        28.34        26.80        27.11        27.25         0.46      N
1868    03        27.24        27.31        27.21        27.59         0.44      N
1868    04        26.23        27.90        27.18        27.85        -0.52      L
1868    05        27.06        27.98        27.29        27.78        -0.49      N
1868    06        27.55        27.76        26.82        27.37         0.00      N
1868    07        27.08        27.31        26.60        26.92         0.02      N
1868    08        26.07        26.90        26.26        26.72        -0.62      L
1868    09        25.08        26.74        26.41        26.80        -0.31      N
1868    10        27.27        26.75        26.66        27.02         0.24      N
1868    11        27.62        26.77        27.00        27.15         0.81      E
1868    12        26.49        26.62        26.89        27.12         0.71      E
1869    01        26.81        26.61        26.66        27.09         0.38      N
1869    02        26.68        26.80        26.94        27.25         0.94      E
1869    03        28.55        27.31        27.45        27.59         0.16      N
1869    04        26.29        27.90        27.46        27.85         0.07      N
1869    05        27.77        27.98        27.57        27.78        -0.76      L
1869    06        26.70        27.76        26.79        27.37        -0.07      N
1869    07        27.19        27.31        26.49        26.92        -0.13      N
1869    08        26.35        26.90        26.33        26.72        -0.53      L
1869    09        24.66        26.74        26.19        26.80        -0.81      L
1869    10        25.83        26.75        26.48        27.02        -0.86      L
1869    11        26.05        26.77        26.71        27.15        -0.56      L
1869    12        25.35        26.62        26.55        27.12        -0.80      L
1870    01        25.13        26.61        26.58        27.09        -0.95      L
1870    02        25.85        26.80        26.90        27.25        -1.62      L
1870    03        24.41        27.31        26.93        27.59        -1.07      L
1870    04        27.80        27.90        27.32        27.85        -2.02      L
1870    05        24.48        27.98        26.87        27.78        -1.93      L
1870    06        24.90        27.76        26.64        27.37        -2.30      L
1870    07        26.21        27.31        26.56        26.92        -1.58      L
1870    08        25.13        26.90        26.05        26.72        -0.99      L
1870    09        25.59        26.74        26.31        26.80        -1.32      L
1870    10        24.50        26.75        26.31        27.02        -1.32      L
1870    11        24.96        26.77        26.42        27.15        -1.31      L
1870    12        25.63        26.62        26.72        27.12        -1.13      L
1871    01        24.92        26.61        26.49        27.09        -1.00      L
1871    02        25.54        26.80        26.72        27.25        -1.14      L
1871    03        26.00        27.31        27.15        27.59        -0.68      L
1871    04        27.47        27.90        27.35        27.85        -0.90      L
1871    05        26.34        27.98        27.28        27.78        -0.73      L
1871    06        26.66        27.76        26.81        27.37        -1.47      L
1871    07        25.15        27.31        26.57        26.92        -1.16      L
1871    08        25.83        26.90        26.21        26.72        -0.67      L
1871    09        26.78        26.74        26.17        26.80         0.29      N
1871    10        26.89        26.75        26.55        27.02         0.09      N
1871    11        25.12        26.77        26.58        27.15        -0.20      N
1871    12        26.10        26.62        26.64        27.12        -0.51      L
1872    01        25.87        26.61        26.50        27.09        -0.51      L
1872    02        25.30        26.80        26.79        27.25        -0.70      L
1872    03        26.30        27.31        27.05        27.59        -0.55      L
1872    04        27.60        27.90        27.29        27.85        -0.27      N
1872    05        26.94        27.98        27.13        27.78        -0.33      N
1872    06        26.48        27.76        26.71        27.37        -0.80      L
1872    07        26.00        27.31        26.50        26.92        -0.82      L
1872    08        25.93        26.90        26.27        26.72        -0.89      L
1872    09        25.24        26.74        26.14        26.80        -0.81      L
1872    10        25.52        26.75        26.47        27.02        -1.04      L
1872    11        25.10        26.77        26.55        27.15        -0.89      L
1872    12        25.56        26.62        26.49        27.12        -0.79      L
1873    01        25.57        26.61        26.48        27.09        -0.68      L
1873    02        25.46        26.80        26.69        27.25        -0.98      L
1873    03        25.30        27.31        26.69        27.59        -1.75      L
1873    04        25.01        27.90        27.02        27.85        -1.50      L
1873    05        27.18        27.98        27.09        27.78        -0.85      L
1873    06        27.34        27.76        26.67        27.37         0.19      N
1873    07        26.79        27.31        26.12        26.92         0.33      N
1873    08        26.63        26.90        26.16        26.72        -0.05      N
1873    09        25.52        26.74        26.25        26.80        -0.27      N
1873    10        25.86        26.75        26.39        27.02        -0.67      L
1873    11        25.61        26.77        26.71        27.15        -0.73      L
1873    12        25.11        26.62        26.41        27.12        -1.12      L
1874    01        24.92        26.61        26.62        27.09        -1.10      L
1874    02        25.29        26.80        26.35        27.25        -1.30      L
1874    03        25.31        27.31        26.82        27.59        -1.22      L
1874    04        26.04        27.90        26.88        27.85        -0.55      L
1874    05        28.13        27.98        27.00        27.78        -0.39      N
1874    06        25.89        27.76        26.41        27.37        -0.03      N
1874    07        26.83        27.31        26.53        26.92        -0.83      L
1874    08        24.97        26.90        25.85        26.72        -0.76      L
1874    09        25.31        26.74        26.14        26.80        -0.98      L
1874    10        25.22        26.75        26.11        27.02        -0.96      L
1874    11        24.91        26.77        26.26        27.15        -1.00      L
1874    12        24.89        26.62        26.23        27.12        -0.81      L
1875    01        25.97        26.61        26.60        27.09        -0.68      L
1875    02        25.68        26.80        26.77        27.25        -0.37      N
1875    03        26.57        27.31        26.94        27.59        -0.50      L
1875    04        26.67        27.90        27.01        27.85        -0.42      N
1875    05        26.93        27.98        27.14        27.78        -0.67      L
1875    06        26.44        27.76        26.74        27.37        -0.57      L
1875    07        26.41        27.31        26.28        26.92        -0.67      L
1875    08        25.24        26.90        25.80        26.72        -0.63      L
1875    09        25.67        26.74        26.31        26.80        -0.51      L
1875    10        26.37        26.75        26.59        27.02        -0.53      L
1875    11        25.53        26.77        26.70        27.15        -0.33      N
1875    12        26.03        26.62        26.61        27.12        -0.41      N
1876    01        25.89        26.61        26.50        27.09         0.04      N
1876    02        26.62        26.80        26.77        27.25        -0.02      N
1876    03        26.44        27.31        26.94        27.59        -0.41      N
1876    04        26.23        27.90        27.17        27.85        -0.53      L
1876    05        27.27        27.98        27.01        27.78        -0.83      L
1876    06        26.06        27.76        26.57        27.37        -0.23      N
1876    07        27.02        27.31        26.34        26.92        -0.32      N
1876    08        25.98        26.90        25.97        26.72        -0.15      N
1876    09        25.53        26.74        26.07        26.80         0.00      N
1876    10        26.83        26.75        26.43        27.02         0.37      N
1876    11        27.01        26.77        26.67        27.15         0.93      E
1876    12        27.07        26.62        26.67        27.12         0.88      E
1877    01        26.68        26.61        26.65        27.09         1.26      E
1877    02        28.25        26.80        27.11        27.25         0.95      E
1877    03        26.91        27.31        27.08        27.59         1.33      E
1877    04        28.94        27.90        27.61        27.85         1.15      E
1877    05        28.49        27.98        27.18        27.78         1.43      E
1877    06        28.29        27.76        27.11        27.37         1.55      E
1877    07        29.00        27.31        26.84        26.92         1.66      E
1877    08        28.57        26.90        26.77        26.72         1.92      E
1877    09        28.34        26.74        26.93        26.80         1.89      E
1877    10        28.64        26.75        27.25        27.02         2.07      E
1877    11        28.97        26.77        27.35        27.15         2.25      E
1877    12        28.66        26.62        27.29        27.12         2.36      E
1878    01        28.78        26.61        27.38        27.09         1.99      E
1878    02        28.10        26.80        27.56        27.25         1.77      E
1878    03        28.63        27.31        27.64        27.59         1.29      E
1878    04        28.58        27.90        27.90        27.85         0.78      E
1878    05        27.77        27.98        27.76        27.78         0.57      E
1878    06        28.58        27.76        27.37        27.37         0.32      N
1878    07        27.28        27.31        26.78        26.92         0.18      N
1878    08        26.12        26.90        26.43        26.72        -0.42      N
1878    09        25.74        26.74        26.47        26.80        -0.82      L
1878    10        25.49        26.75        26.66        27.02        -1.04      L
1878    11        25.40        26.77        26.79        27.15        -0.97      L
1878    12        25.71        26.62        26.67        27.12        -1.15      L
1879    01        24.79        26.61        26.62        27.09        -0.81      L
1879    02        26.26        26.80        26.84        27.25        -0.70      L
1879    03        26.72        27.31        27.16        27.59        -0.14      N
1879    04        27.21        27.90        27.17        27.85        -0.52      L
1879    05        26.41        27.98        27.16        27.78        -0.68      L
1879    06        26.58        27.76        26.73        27.37        -1.13      L
1879    07        25.37        27.31        26.18        26.92        -1.04      L
1879    08        25.42        26.90        26.12        26.72        -0.86      L
1879    09        26.00        26.74        26.15        26.80        -0.81      L
1879    10        24.90        26.75        26.22        27.02        -1.02      L
1879    11        24.73        26.77        26.50        27.15        -1.15      L
1879    12        25.58        26.62        26.46        27.12        -1.46      L
1880    01        23.92        26.61        26.20        27.09        -1.12      L
1880    02        25.78        26.80        26.73        27.25        -1.56      L
1880    03        25.55        27.31        27.21        27.59        -0.71      L
1880    04        27.65        27.90        27.33        27.85        -0.94      L
1880    05        26.23        27.98        26.98        27.78        -0.33      N
1880    06        26.90        27.76        26.58        27.37        -0.71      L
1880    07        25.76        27.31        26.05        26.92        -0.31      N
1880    08        26.30        26.90        26.16        26.72        -0.45      N
1880    09        25.50        26.74        25.98        26.80         0.07      N
1880    10        26.83        26.75        26.46        27.02         0.22      N
1880    11        26.60        26.77        26.66        27.15         0.67      E
1880    12        26.87        26.62        26.68        27.12         0.55      E
1881    01        26.48        26.61        26.64        27.09         0.61      E
1881    02        26.86        26.80        26.88        27.25         0.31      N
1881    03        26.93        27.31        27.26        27.59         0.12      N
1881    04        27.48        27.90        27.55        27.85         0.03      N
1881    05        27.81        27.98        27.38        27.78         0.18      N
1881    06        27.68        27.76        27.00        27.37         0.23      N
1881    07        26.87        27.31        26.47        26.92        -0.01      N
1881    08        26.07        26.90        26.21        26.72         0.10      N
1881    09        26.81        26.74        26.30        26.80         0.00      N
1881    10        25.97        26.75        26.47        27.02         0.14      N
1881    11        26.29        26.77        26.65        27.15        -0.21      N
1881    12        25.88        26.62        26.68        27.12        -0.10      N
1882    01        26.28        26.61        26.71        27.09        -0.22      N
1882    02        26.13        26.80        26.85        27.25        -0.15      N
1882    03        26.70        27.31        27.12        27.59        -0.03      N
1882    04        27.83        27.90        27.45        27.85         0.24      N
1882    05        27.73        27.98        27.19        27.78         0.22      N
1882    06        26.81        27.76        26.61        27.37        -0.02      N
1882    07        26.40        27.31        26.22        26.92        -0.27      N
1882    08        25.98        26.90        26.06        26.72        -0.13      N
1882    09        26.33        26.74        26.24        26.80        -0.28      N
1882    10        25.43        26.75        26.27        27.02        -0.45      N
1882    11        25.53        26.77        26.60        27.15        -0.94      L
1882    12        24.97        26.62        26.50        27.12        -0.90      L
1883    01        25.51        26.61        26.47        27.09        -0.57      L
1883    02        26.24        26.80        26.54        27.25         0.28      N
1883    03        27.80        27.31        27.10        27.59         1.04      E
1883    04        28.50        27.90        27.23        27.85         1.24      E
1883    05        27.99        27.98        27.30        27.78         0.82      E
1883    06        27.34        27.76        26.85        27.37         0.42      N
1883    07        27.02        27.31        26.23        26.92         0.31      N
1883    08        26.47        26.90        26.00        26.72         0.32      N
1883    09        26.24        26.74        26.17        26.80         0.19      N
1883    10        25.99        26.75        26.19        27.02         0.33      N
1883    11        26.88        26.77        26.64        27.15         0.42      N
1883    12        26.27        26.62        26.43        27.12         0.54      E
1884    01        26.18        26.61        26.31        27.09         0.50      N
1884    02        26.83        26.80        26.79        27.25         0.55      E
1884    03        27.05        27.31        26.89        27.59         0.43      N
1884    04        27.20        27.90        27.12        27.85         0.66      E
1884    05        28.46        27.98        27.28        27.78         0.69      E
1884    06        27.64        27.76        26.73        27.37         0.77      E
1884    07        26.87        27.31        26.17        26.92         0.39      N
1884    08        26.39        26.90        26.04        26.72         0.40      N
1884    09        26.73        26.74        26.25        26.80         0.50      N
1884    10        26.62        26.75        26.35        27.02         1.03      E
1884    11        27.63        26.77        26.55        27.15         1.18      E
1884    12        26.92        26.62        26.53        27.12         1.23      E
1885    01        26.70        26.61        26.52        27.09         0.85      E
1885    02        26.79        26.80        26.77        27.25         0.63      E
1885    03        26.97        27.31        26.92        27.59         0.33      N
1885    04        27.24        27.90        27.24        27.85         0.34      N
1885    05        27.79        27.98        27.13        27.78         0.50      E
1885    06        27.72        27.76        26.63        27.37         0.69      E
1885    07        27.04        27.31        26.19        26.92         0.58      E
1885    08        26.45        26.90        25.96        26.72         0.46      N
1885    09        26.59        26.74        26.25        26.80         0.81      E
1885    10        27.79        26.75        26.72        27.02         1.24      E
1885    11        27.76        26.77        26.82        27.15         1.44      E
1885    12        27.02        26.62        26.65        27.12         1.31      E
1886    01        27.14        26.61        26.62        27.09         0.80      E
1886    02        26.26        26.80        26.67        27.25         0.30      N
1886    03        26.39        27.31        27.01        27.59        -0.14      N
1886    04        27.33        27.90        27.30        27.85        -0.32      N
1886    05        27.07        27.98        27.20        27.78        -0.68      L
1886    06        25.86        27.76        26.61        27.37        -0.99      L
1886    07        25.67        27.31        26.14        26.92        -1.05      L
1886    08        25.54        26.90        25.98        26.72        -0.80      L
1886    09        25.44        26.74        26.03        26.80        -0.86      L
1886    10        24.88        26.75        26.16        27.02        -0.98      L
1886    11        25.15        26.77        26.43        27.15        -1.25      L
1886    12        24.45        26.62        26.10        27.12        -1.32      L
1887    01        24.48        26.61        26.13        27.09        -1.43      L
1887    02        24.81        26.80        26.37        27.25        -1.26      L
1887    03        25.73        27.31        26.71        27.59        -1.09      L
1887    04        26.28        27.90        26.89        27.85        -0.96      L
1887    05        26.25        27.98        26.79        27.78        -0.81      L
1887    06        26.42        27.76        26.44        27.37        -0.46      N
1887    07        26.59        27.31        26.15        26.92        -0.14      N
1887    08        26.12        26.90        25.92        26.72         0.06      N
1887    09        26.08        26.74        26.05        26.80        -0.06      N
1887    10        25.78        26.75        26.31        27.02        -0.13      N
1887    11        26.04        26.77        26.57        27.15        -0.09      N
1887    12        26.20        26.62        26.52        27.12         0.26      N
1888    01        26.58        26.61        26.47        27.09         0.62      E
1888    02        26.99        26.80        26.75        27.25         0.94      E
1888    03        27.80        27.31        27.17        27.59         1.00      E
1888    04        27.97        27.90        27.28        27.85         1.01      E
1888    05        28.15        27.98        27.30        27.78         0.92      E
1888    06        27.98        27.76        26.83        27.37         0.84      E
1888    07        27.43        27.31        26.47        26.92         0.94      E
1888    08        27.42        26.90        26.21        26.72         0.77      E
1888    09        26.67        26.74        26.37        26.80         1.18      E
1888    10        28.10        26.75        26.79        27.02         1.40      E
1888    11        28.15        26.77        27.01        27.15         2.00      E
1888    12        28.28        26.62        26.98        27.12         2.23      E
1889    01        28.67        26.61        27.04        27.09         2.25      E
1889    02        28.14        26.80        27.14        27.25         1.84      E
1889    03        27.88        27.31        27.42        27.59         1.33      E
1889    04        28.36        27.90        27.52        27.85         0.91      E
1889    05        28.06        27.98        27.40        27.78         0.46      N
1889    06        27.07        27.76        26.93        27.37        -0.32      N
1889    07        25.89        27.31        26.48        26.92        -0.97      L
1889    08        25.15        26.90        26.17        26.72        -1.35      L
1889    09        24.89        26.74        26.16        26.80        -1.72      L
1889    10        24.02        26.75        26.18        27.02        -1.85      L
1889    11        24.66        26.77        26.52        27.15        -1.73      L
1889    12        25.09        26.62        26.46        27.12        -1.80      L
1890    01        23.66        26.61        26.19        27.09        -1.26      L
1890    02        25.96        26.80        26.51        27.25        -1.12      L
1890    03        26.08        27.31        26.84        27.59        -0.48      N
1890    04        26.55        27.90        27.01        27.85        -0.64      L
1890    05        26.75        27.98        26.96        27.78        -0.43      N
1890    06        26.80        27.76        26.47        27.37        -0.32      N
1890    07        26.12        27.31        26.04        26.92        -0.63      L
1890    08        24.54        26.90        25.58        26.72        -0.88      L
1890    09        25.05        26.74        25.80        26.80        -1.10      L
1890    10        24.89        26.75        26.00        27.02        -0.94      L
1890    11        24.91        26.77        26.09        27.15        -0.62      L
1890    12        26.17        26.62        26.54        27.12         0.08      N
1891    01        26.71        26.61        26.34        27.09         0.56      E
1891    02        26.55        26.80        26.65        27.25         1.00      E
1891    03        27.78        27.31        26.94        27.59         0.67      E
1891    04        27.35        27.90        27.26        27.85         0.88      E
1891    05        28.26        27.98        27.31        27.78         0.53      E
1891    06        27.48        27.76        26.70        27.37         0.68      E
1891    07        27.04        27.31        26.19        26.92         0.22      N
1891    08        25.94        26.90        26.03        26.72         0.08      N
1891    09        26.11        26.74        26.14        26.80         0.05      N
1891    10        26.57        26.75        26.47        27.02         0.22      N
1891    11        26.30        26.77        26.54        27.15         0.08      N
1891    12        25.73        26.62        26.55        27.12         0.08      N
1892    01        26.52        26.61        26.63        27.09         0.01      N
1892    02        26.31        26.80        26.82        27.25        -0.01      N
1892    03        26.28        27.31        26.93        27.59        -0.37      N
1892    04        26.68        27.90        27.05        27.85        -0.17      N
1892    05        27.58        27.98        26.97        27.78        -0.19      N
1892    06        26.39        27.76        26.43        27.37         0.09      N
1892    07        26.46        27.31        25.86        26.92        -0.17      N
1892    08        25.64        26.90        25.67        26.72        -0.44      N
1892    09        24.68        26.74        25.85        26.80        -1.13      L
1892    10        24.12        26.75        25.89        27.02        -1.36      L
1892    11        24.86        26.77        26.00        27.15        -1.26      L
1892    12        24.95        26.62        26.28        27.12        -0.82      L
1893    01        25.34        26.61        26.23        27.09        -0.82      L
1893    02        25.33        26.80        26.50        27.25        -0.62      L
1893    03        26.18        27.31        26.79        27.59        -0.89      L
1893    04        26.00        27.90        26.90        27.85        -0.87      L
1893    05        26.44        27.98        26.85        27.78        -0.92      L
1893    06        26.41        27.76        26.51        27.37        -0.66      L
1893    07        26.09        27.31        26.17        26.92        -0.55      L
1893    08        25.67        26.90        25.90        26.72        -0.82      L
1893    09        24.68        26.74        25.91        26.80        -1.09      L
1893    10        24.78        26.75        26.19        27.02        -1.29      L
1893    11        24.88        26.77        26.14        27.15        -1.03      L
1893    12        25.23        26.62        26.24        27.12        -0.79      L
1894    01        25.17        26.61        26.20        27.09        -0.58      L
1894    02        25.66        26.80        26.44        27.25        -0.66      L
1894    03        25.78        27.31        26.73        27.59        -0.76      L
1894    04        26.33        27.90        26.98        27.85        -0.68      L
1894    05        26.95        27.98        26.86        27.78        -0.62      L
1894    06        26.31        27.76        26.48        27.37        -0.11      N
1894    07        26.99        27.31        26.19        26.92        -0.17      N
1894    08        25.81        26.90        25.90        26.72        -0.14      N
1894    09        25.50        26.74        26.06        26.80        -0.54      L
1894    10        25.34        26.75        26.18        27.02        -0.42      N
1894    11        25.96        26.77        26.31        27.15        -0.38      N
1894    12        25.51        26.62        26.39        27.12         0.02      N
1895    01        26.48        26.61        26.57        27.09        -0.36      N
1895    02        25.37        26.80        26.70        27.25        -0.17      N
1895    03        26.75        27.31        26.93        27.59        -0.05      N
1895    04        28.04        27.90        27.32        27.85         0.47      N
1895    05        27.64        27.98        27.17        27.78         0.45      N
1895    06        27.14        27.76        26.69        27.37         0.30      N
1895    07        27.09        27.31        26.34        26.92         0.35      N
1895    08        26.91        26.90        26.28        26.72         0.79      E
1895    09        27.47        26.74        26.33        26.80         0.90      E
1895    10        26.87        26.75        26.53        27.02         1.20      E
1895    11        27.63        26.77        26.87        27.15         0.86      E
1895    12        26.49        26.62        26.63        27.12         0.86      E
1896    01        26.77        26.61        26.66        27.09         0.52      E
1896    02        26.63        26.80        26.78        27.25         0.60      E
1896    03        27.54        27.31        27.30        27.59         0.45      N
1896    04        27.68        27.90        27.44        27.85         0.03      N
1896    05        26.88        27.98        27.33        27.78         0.06      N
1896    06        27.88        27.76        26.91        27.37         0.37      N
1896    07        27.95        27.31        26.63        26.92         1.00      E
1896    08        27.64        26.90        26.46        26.72         1.09      E
1896    09        27.28        26.74        26.51        26.80         1.19      E
1896    10        27.55        26.75        26.66        27.02         1.33      E
1896    11        27.98        26.77        27.07        27.15         1.65      E
1896    12        28.15        26.62        27.07        27.12         1.62      E
1897    01        27.56        26.61        26.98        27.09         1.60      E
1897    02        27.87        26.80        27.16        27.25         1.07      E
1897    03        27.46        27.31        27.46        27.59         0.53      E
1897    04        27.37        27.90        27.56        27.85        -0.02      N
1897    05        27.49        27.98        27.36        27.78        -0.06      N
1897    06        27.46        27.76        26.88        27.37         0.15      N
1897    07        27.14        27.31        26.52        26.92         0.05      N
1897    08        26.28        26.90        26.40        26.72         0.02      N
1897    09        26.39        26.74        26.31        26.80        -0.27      N
1897    10        25.80        26.75        26.58        27.02        -0.48      N
1897    11        25.34        26.77        26.54        27.15        -0.67      L
1897    12        25.74        26.62        26.56        27.12        -0.44      N
1898    01        26.02        26.61        26.47        27.09        -0.34      N
1898    02        25.56        26.80        26.55        27.25        -0.30      N
1898    03        26.26        27.31        26.75        27.59        -0.35      N
1898    04        27.05        27.90        27.03        27.85        -0.05      N
1898    05        27.26        27.98        26.93        27.78         0.03      N
1898    06        26.97        27.76        26.62        27.37        -0.11      N
1898    07        26.20        27.31        26.17        26.92        -0.36      N
1898    08        25.52        26.90        25.86        26.72        -0.38      N
1898    09        25.91        26.74        26.06        26.80        -0.43      N
1898    10        25.47        26.75        26.20        27.02        -0.44      N
1898    11        25.55        26.77        26.46        27.15        -0.73      L
1898    12        25.13        26.62        26.42        27.12        -0.69      L
1899    01        25.58        26.61        26.41        27.09        -0.64      L
1899    02        25.66        26.80        26.50        27.25        -0.68      L
1899    03        25.67        27.31        26.82        27.59        -0.68      L
1899    04        26.83        27.90        27.05        27.85        -0.40      N
1899    05        27.61        27.98        27.15        27.78         0.05      N
1899    06        27.03        27.76        26.51        27.37         0.28      N
1899    07        26.95        27.31        26.28        26.92         0.23      N
1899    08        26.59        26.90        26.24        26.72         0.44      N
1899    09        26.84        26.74        26.22        26.80         0.76      E
1899    10        27.44        26.75        26.64        27.02         1.16      E
1899    11        27.46        26.77        26.72        27.15         1.46      E
1899    12        27.77        26.62        26.89        27.12         1.65      E
1900    01        27.85        26.61        26.81        27.09         1.70      E
1900    02        27.79        26.80        27.08        27.25         1.49      E
1900    03        27.65        27.31        27.14        27.59         1.26      E
1900    04        28.56        27.90        27.62        27.85         1.01      E
1900    05        28.05        27.98        27.33        27.78         1.03      E
1900    06        28.23        27.76        26.96        27.37         0.82      E
1900    07        27.43        27.31        26.51        26.92         0.62      E
1900    08        26.56        26.90        26.22        26.72         0.39      N
1900    09        26.60        26.74        26.36        26.80         0.38      N
1900    10        26.83        26.75        26.60        27.02         0.25      N
1900    11        26.07        26.77        26.64        27.15         0.25      N
1900    12        26.62        26.62        26.81        27.12         0.19      N
1901    01        26.66        26.61        26.80        27.09         0.39      N
1901    02        26.64        26.80        26.81        27.25         0.27      N
1901    03        26.84        27.31        27.12        27.59         0.33      N
1901    04        27.84        27.90        27.32        27.85         0.28      N
1901    05        27.53        27.98        27.19        27.78         0.28      N
1901    06        26.99        27.76        26.58        27.37         0.01      N
1901    07        26.45        27.31        26.20        26.92        -0.13      N
1901    08        26.11        26.90        26.12        26.72        -0.11      N
1901    09        25.97        26.74        25.97        26.80        -0.24      N
1901    10        25.56        26.75        26.30        27.02        -0.36      N
1901    11        25.67        26.77        26.54        27.15        -0.40      N
1901    12        25.88        26.62        26.40        27.12        -0.20      N
1902    01        25.91        26.61        26.38        27.09         0.21      N
1902    02        26.66        26.80        26.61        27.25         0.32      N
1902    03        26.78        27.31        26.82        27.59         0.64      E
1902    04        28.12        27.90        27.36        27.85         0.76      E
1902    05        28.12        27.98        27.20        27.78         1.28      E
1902    06        28.53        27.76        26.71        27.37         1.47      E
1902    07        28.11        27.31        26.39        26.92         1.61      E
1902    08        27.60        26.90        26.14        26.72         1.63      E
1902    09        27.64        26.74        26.17        26.80         1.74      E
1902    10        27.73        26.75        26.42        27.02         2.07      E
1902    11        28.23        26.77        26.61        27.15         2.33      E
1902    12        28.35        26.62        26.71        27.12         2.32      E
1903    01        27.66        26.61        26.64        27.09         2.13      E
1903    02        27.64        26.80        26.67        27.25         1.84      E
1903    03        27.95        27.31        26.87        27.59         1.53      E
1903    04        27.76        27.90        27.06        27.85         1.03      E
1903    05        27.40        27.98        26.96        27.78         0.43      N
1903    06        27.04        27.76        26.58        27.37        -0.05      N
1903    07        26.10        27.31        26.13        26.92        -0.40      N
1903    08        25.31        26.90        25.79        26.72        -0.56      L
1903    09        25.49        26.74        25.89        26.80        -0.70      L
1903    10        25.10        26.75        26.12        27.02        -0.68      L
1903    11        25.21        26.77        26.19        27.15        -0.65      L
1903    12        25.43        26.62        26.17        27.12        -0.57      L
1904    01        24.95        26.61        25.99        27.09        -0.63      L
1904    02        24.89        26.80        26.05        27.25        -0.35      N
1904    03        26.77        27.31        26.61        27.59        -0.33      N
1904    04        26.33        27.90        26.74        27.85         0.18      N
1904    05        27.33        27.98        26.73        27.78         0.08      N
1904    06        26.92        27.76        26.29        27.37         0.53      E
1904    07        26.94        27.31        25.93        26.92         0.80      E
1904    08        27.16        26.90        25.83        26.72         0.88      E
1904    09        26.33        26.74        25.92        26.80         1.04      E
1904    10        26.99        26.75        26.25        27.02         0.92      E
1904    11        26.82        26.77        26.40        27.15         1.16      E
1904    12        27.00        26.62        26.47        27.12         1.19      E
1905    01        26.98        26.61        26.38        27.09         1.29      E
1905    02        27.04        26.80        26.52        27.25         1.29      E
1905    03        27.64        27.31        26.94        27.59         1.35      E
1905    04        28.29        27.90        27.13        27.85         1.63      E
1905    05        28.81        27.98        27.15        27.78         1.81      E
1905    06        28.65        27.76        26.82        27.37         1.93      E
1905    07        28.36        27.31        26.31        26.92         1.93      E
1905    08        28.06        26.90        26.13        26.72         1.94      E
1905    09        27.66        26.74        26.20        26.80         1.81      E
1905    10        27.41        26.75        26.41        27.02         1.58      E
1905    11        27.32        26.77        26.59        27.15         1.56      E
1905    12        27.58        26.62        26.62        27.12         1.48      E
1906    01        27.23        26.61        26.66        27.09         1.33      E
1906    02        27.06        26.80        26.83        27.25         1.02      E
1906    03        27.44        27.31        27.06        27.59         0.75      E
1906    04        27.66        27.90        27.23        27.85         0.57      E
1906    05        27.47        27.98        27.05        27.78         0.13      N
1906    06        26.72        27.76        26.64        27.37         0.10      N
1906    07        27.00        27.31        26.29        26.92        -0.17      N
1906    08        25.70        26.90        25.95        26.72         0.07      N
1906    09        26.27        26.74        26.05        26.80        -0.24      N
1906    10        25.30        26.75        26.02        27.02        -0.06      N
1906    11        25.98        26.77        26.37        27.15        -0.07      N
1906    12        26.21        26.62        26.44        27.12        -0.02      N
1907    01        25.43        26.61        26.23        27.09        -0.17      N
1907    02        25.62        26.80        26.43        27.25        -0.46      N
1907    03        26.05        27.31        26.75        27.59        -0.45      N
1907    04        26.82        27.90        27.01        27.85        -0.09      N
1907    05        27.62        27.98        26.97        27.78         0.18      N
1907    06        27.16        27.76        26.58        27.37         0.56      E
1907    07        27.28        27.31        26.21        26.92         0.21      N
1907    08        25.75        26.90        25.90        26.72         0.43      N
1907    09        26.78        26.74        26.10        26.80         0.16      N
1907    10        25.97        26.75        26.22        27.02         0.33      N
1907    11        26.11        26.77        26.44        27.15         0.20      N
1907    12        26.28        26.62        26.36        27.12         0.35      N
1908    01        26.27        26.61        26.37        27.09         0.47      N
1908    02        26.33        26.80        26.46        27.25         0.28      N
1908    03        26.22        27.31        26.55        27.59         0.03      N
1908    04        26.69        27.90        26.84        27.85        -0.10      N
1908    05        27.15        27.98        26.90        27.78         0.00      N
1908    06        26.90        27.76        26.35        27.37        -0.06      N
1908    07        25.94        27.31        25.92        26.92        -0.15      N
1908    08        25.71        26.90        25.69        26.72        -0.39      N
1908    09        25.37        26.74        25.88        26.80        -0.44      N
1908    10        25.27        26.75        26.03        27.02        -0.56      L
1908    11        25.33        26.77        26.16        27.15        -0.53      L
1908    12        25.21        26.62        26.07        27.12        -0.53      L
1909    01        25.25        26.61        26.22        27.09        -0.53      L
1909    02        25.49        26.80        26.37        27.25        -0.44      N
1909    03        26.19        27.31        26.60        27.59        -0.31      N
1909    04        26.83        27.90        26.91        27.85        -0.08      N
1909    05        27.22        27.98        26.91        27.78        -0.06      N
1909    06        26.69        27.76        26.41        27.37        -0.09      N
1909    07        26.04        27.31        25.87        26.92        -0.42      N
1909    08        25.13        26.90        25.65        26.72        -0.58      L
1909    09        25.22        26.74        25.80        26.80        -0.86      L
1909    10        24.73        26.75        25.91        27.02        -0.92      L
1909    11        24.84        26.77        26.06        27.15        -1.01      L
1909    12        24.81        26.62        26.04        27.12        -0.81      L
1910    01        25.22        26.61        26.10        27.09        -0.80      L
1910    02        24.99        26.80        26.24        27.25        -0.77      L
1910    03        25.50        27.31        26.40        27.59        -0.99      L
1910    04        25.94        27.90        26.71        27.85        -0.99      L
1910    05        26.20        27.98        26.73        27.78        -0.88      L
1910    06        26.48        27.76        26.50        27.37        -0.58      L
1910    07        26.09        27.31        25.95        26.92        -0.35      N
1910    08        25.67        26.90        25.71        26.72        -0.47      N
1910    09        25.06        26.74        25.83        26.80        -0.66      L
1910    10        25.04        26.75        26.02        27.02        -0.74      L
1910    11        25.31        26.77        26.11        27.15        -0.56      L
1910    12        25.37        26.62        26.13        27.12        -0.34      N
1911    01        25.59        26.61        26.24        27.09        -0.27      N
1911    02        25.56        26.80        26.22        27.25        -0.12      N
1911    03        26.37        27.31        26.57        27.59        -0.23      N
1911    04        26.33        27.90        26.67        27.85        -0.00      N
1911    05        27.13        27.98        26.63        27.78         0.09      N
1911    06        27.01        27.76        26.32        27.37         0.62      E
1911    07        27.17        27.31        25.92        26.92         0.83      E
1911    08        26.90        26.90        25.79        26.72         1.14      E
1911    09        27.11        26.74        26.08        26.80         1.20      E
1911    10        27.00        26.75        26.27        27.02         1.58      E
1911    11        27.95        26.77        26.53        27.15         1.61      E
1911    12        27.14        26.62        26.48        27.12         1.85      E
1912    01        27.58        26.61        26.53        27.09         1.70      E
1912    02        27.60        26.80        26.70        27.25         1.42      E
1912    03        27.14        27.31        27.00        27.59         1.33      E
1912    04        28.66        27.90        27.37        27.85         1.00      E
1912    05        27.79        27.98        27.05        27.78         0.73      E
1912    06        26.94        27.76        26.70        27.37         0.35      N
1912    07        27.03        27.31        26.22        26.92         0.06      N
1912    08        25.96        26.90        25.90        26.72         0.34      N
1912    09        26.63        26.74        26.12        26.80         0.27      N
1912    10        26.24        26.75        26.25        27.02         0.33      N
1912    11        26.02        26.77        26.40        27.15         0.14      N
1912    12        25.95        26.62        26.36        27.12         0.12      N
1913    01        26.05        26.61        26.33        27.09         0.16      N
1913    02        26.28        26.80        26.64        27.25         0.32      N
1913    03        26.94        27.31        26.78        27.59         0.31      N
1913    04        27.15        27.90        26.95        27.85         0.43      N
1913    05        27.55        27.98        27.00        27.78         0.28      N
1913    06        27.08        27.76        26.57        27.37         0.45      N
1913    07        27.17        27.31        26.20        26.92         0.61      E
1913    08        26.97        26.90        25.97        26.72         0.71      E
1913    09        26.26        26.74        25.93        26.80         0.61      E
1913    10        26.40        26.75        26.32        27.02         0.52      E
1913    11        26.69        26.77        26.53        27.15         0.81      E
1913    12        27.20        26.62        26.61        27.12         1.10      E
1914    01        27.14        26.61        26.59        27.09         1.52      E
1914    02        27.81        26.80        26.76        27.25         1.38      E
1914    03        27.35        27.31        26.95        27.59         1.25      E
1914    04        28.00        27.90        27.32        27.85         0.76      E
1914    05        27.69        27.98        27.14        27.78         0.82      E
1914    06        27.93        27.76        26.70        27.37         0.66      E
1914    07        27.00        27.31        26.24        26.92         0.95      E
1914    08        27.47        26.90        26.12        26.72         1.22      E
1914    09        27.77        26.74        26.27        26.80         1.42      E
1914    10        27.01        26.75        26.43        27.02         1.27      E
1914    11        27.12        26.77        26.76        27.15         1.16      E
1914    12        27.46        26.62        26.69        27.12         1.13      E
1915    01        26.77        26.61        26.50        27.09         1.06      E
1915    02        26.73        26.80        26.67        27.25         0.77      E
1915    03        27.47        27.31        27.22        27.59         0.51      E
1915    04        27.56        27.90        27.40        27.85         0.94      E
1915    05        28.91        27.98        27.30        27.78         0.86      E
1915    06        27.65        27.76        26.87        27.37         1.13      E
1915    07        27.83        27.31        26.58        26.92         0.47      N
1915    08        26.43        26.90        26.31        26.72         0.22      N
1915    09        26.02        26.74        26.32        26.80        -0.08      N
1915    10        26.23        26.75        26.40        27.02        -0.11      N
1915    11        26.01        26.77        26.53        27.15        -0.35      N
1915    12        25.07        26.62        26.38        27.12        -0.47      N
1916    01        25.80        26.61        26.48        27.09        -0.10      N
1916    02        26.89        26.80        26.57        27.25         0.13      N
1916    03        26.24        27.31        26.78        27.59         0.48      N
1916    04        27.75        27.90        27.14        27.85         0.08      N
1916    05        27.03        27.98        26.96        27.78         0.22      N
1916    06        27.02        27.76        26.57        27.37        -0.36      N
1916    07        25.61        27.31        26.01        26.92        -0.58      L
1916    08        25.24        26.90        25.78        26.72        -0.71      L
1916    09        25.58        26.74        25.91        26.80        -1.04      L
1916    10        24.03        26.75        25.91        27.02        -1.10      L
1916    11        24.86        26.77        26.09        27.15        -1.43      L
1916    12        24.38        26.62        25.93        27.12        -1.33      L
1917    01        23.91        26.61        25.74        27.09        -1.62      L
1917    02        24.06        26.80        25.98        27.25        -1.28      L
1917    03        25.79        27.31        26.27        27.59        -0.44      N
1917    04        27.53        27.90        26.81        27.85         0.36      N
1917    05        27.17        27.98        26.67        27.78         0.21      N
1917    06        26.29        27.76        26.42        27.37        -0.22      N
1917    07        26.22        27.31        26.14        26.92        -0.08      N
1917    08        26.83        26.90        26.01        26.72         0.14      N
1917    09        25.90        26.74        25.94        26.80         0.42      N
1917    10        26.26        26.75        26.11        27.02        -0.21      N
1917    11        24.73        26.77        26.07        27.15        -0.37      N
1917    12        25.31        26.62        26.18        27.12        -0.62      L
1918    01        25.54        26.61        26.21        27.09        -0.18      N
1918    02        25.86        26.80        26.19        27.25        -0.01      N
1918    03        26.32        27.31        26.55        27.59         0.28      N
1918    04        27.41        27.90        26.90        27.85         0.47      N
1918    05        27.63        27.98        26.90        27.78         0.90      E
1918    06        27.82        27.76        26.41        27.37         0.87      E
1918    07        27.15        27.31        26.24        26.92         0.89      E
1918    08        26.79        26.90        25.92        26.72         1.25      E
1918    09        28.08        26.74        26.18        26.80         1.19      E
1918    10        26.60        26.75        26.53        27.02         1.38      E
1918    11        27.51        26.77        26.78        27.15         1.04      E
1918    12        27.40        26.62        26.80        27.12         1.23      E
1919    01        26.94        26.61        26.62        27.09         0.95      E
1919    02        26.78        26.80        26.87        27.25         0.76      E
1919    03        27.34        27.31        27.00        27.59         0.65      E
1919    04        27.85        27.90        27.32        27.85         0.53      E
1919    05        27.30        27.98        27.04        27.78         0.55      E
1919    06        27.75        27.76        26.68        27.37         0.64      E
1919    07        27.29        27.31        26.12        26.92         0.75      E
1919    08        26.49        26.90        25.87        26.72         1.12      E
1919    09        27.76        26.74        26.20        26.80         0.91      E
1919    10        26.13        26.75        26.17        27.02         1.02      E
1919    11        26.64        26.77        26.36        27.15         1.17      E
1919    12        27.89        26.62        26.40        27.12         1.53      E
1920    01        27.09        26.61        26.49        27.09         1.30      E
1920    02        26.20        26.80        26.63        27.25         0.86      E
1920    03        27.75        27.31        27.14        27.59         0.56      E
1920    04        27.48        27.90        27.08        27.85         0.59      E
1920    05        27.35        27.98        27.10        27.78         0.52      E
1920    06        27.79        27.76        26.65        27.37         0.70      E
1920    07        27.47        27.31        26.22        26.92         0.70      E
1920    08        26.23        26.90        25.90        26.72         0.80      E
1920    09        27.19        26.74        26.21        26.80         0.57      E
1920    10        26.34        26.75        26.35        27.02         0.49      N
1920    11        25.96        26.77        26.42        27.15         0.01      N
1920    12        25.71        26.62        26.37        27.12        -0.11      N
1921    01        25.92        26.61        26.44        27.09        -0.20      N
1921    02        25.82        26.80        26.55        27.25        -0.51      L
1921    03        25.46        27.31        26.60        27.59        -0.54      L
1921    04        27.08        27.90        27.08        27.85        -0.52      L
1921    05        26.88        27.98        26.89        27.78        -0.20      N
1921    06        26.77        27.76        26.57        27.37        -0.15      N
1921    07        26.67        27.31        26.23        26.92        -0.02      N
1921    08        26.20        26.90        25.93        26.72         0.26      N
1921    09        26.59        26.74        26.11        26.80         0.20      N
1921    10        25.99        26.75        26.38        27.02         0.00      N
1921    11        25.66        26.77        26.45        27.15         0.10      N
1921    12        26.86        26.62        26.59        27.12        -0.02      N
1922    01        25.34        26.61        26.23        27.09         0.21      N
1922    02        26.30        26.80        26.60        27.25         0.16      N
1922    03        27.32        27.31        26.98        27.59         0.37      N
1922    04        27.14        27.90        27.03        27.85         0.27      N
1922    05        27.04        27.98        26.93        27.78        -0.13      N
1922    06        26.58        27.76        26.43        27.37        -0.21      N
1922    07        26.27        27.31        26.05        26.92        -0.32      N
1922    08        25.57        26.90        25.78        26.72        -0.23      N
1922    09        25.87        26.74        25.94        26.80        -0.34      N
1922    10        25.52        26.75        26.22        27.02        -0.28      N
1922    11        25.74        26.77        26.36        27.15        -0.33      N
1922    12        25.69        26.62        26.33        27.12        -0.36      N
1923    01        25.26        26.61        26.26        27.09        -0.41      N
1923    02        25.62        26.80        26.40        27.25        -0.39      N
1923    03        26.25        27.31        26.60        27.59        -0.05      N
1923    04        27.42        27.90        27.07        27.85         0.30      N
1923    05        27.57        27.98        26.94        27.78         0.53      E
1923    06        27.42        27.76        26.57        27.37         0.51      E
1923    07        26.84        27.31        26.13        26.92         0.64      E
1923    08        26.85        26.90        25.83        26.72         0.83      E
1923    09        26.95        26.74        26.05        26.80         1.01      E
1923    10        26.79        26.75        26.30        27.02         1.05      E
1923    11        27.13        26.77        26.62        27.15         0.99      E
1923    12        26.99        26.62        26.71        27.12         0.93      E
1924    01        26.60        26.61        26.49        27.09         0.82      E
1924    02        26.93        26.80        26.79        27.25         0.54      E
1924    03        26.82        27.31        27.02        27.59         0.16      N
1924    04        27.10        27.90        27.36        27.85        -0.28      N
1924    05        26.97        27.98        27.15        27.78        -0.45      N
1924    06        26.71        27.76        26.64        27.37        -0.60      L
1924    07        25.79        27.31        26.13        26.92        -0.48      N
1924    08        25.84        26.90        25.81        26.72        -0.58      L
1924    09        25.27        26.74        25.90        26.80        -0.51      L
1924    10        25.28        26.75        26.08        27.02        -0.72      L
1924    11        25.06        26.77        26.12        27.15        -0.61      L
1924    12        25.24        26.62        26.03        27.12        -0.68      L
1925    01        24.87        26.61        26.05        27.09        -0.39      N
1925    02        25.92        26.80        26.34        27.25        -0.21      N
1925    03        26.67        27.31        26.80        27.59         0.08      N
1925    04        27.00        27.90        26.94        27.85        -0.02      N
1925    05        27.00        27.98        26.99        27.78         0.01      N
1925    06        27.25        27.76        26.66        27.37         0.13      N
1925    07        27.06        27.31        26.36        26.92         0.43      N
1925    08        26.88        26.90        26.13        26.72         0.56      E
1925    09        26.68        26.74        26.19        26.80         0.76      E
1925    10        26.91        26.75        26.38        27.02         0.97      E
1925    11        27.40        26.77        26.73        27.15         1.18      E
1925    12        27.27        26.62        26.73        27.12         1.18      E
1926    01        27.04        26.61        26.75        27.09         1.13      E
1926    02        27.28        26.80        26.84        27.25         1.09      E
1926    03        27.86        27.31        27.24        27.59         1.12      E
1926    04        28.26        27.90        27.47        27.85         1.08      E
1926    05        28.27        27.98        27.35        27.78         0.73      E
1926    06        27.43        27.76        26.88        27.37         0.51      E
1926    07        27.13        27.31        26.40        26.92         0.15      N
1926    08        26.27        26.90        26.20        26.72         0.07      N
1926    09        26.17        26.74        26.27        26.80        -0.39      N
1926    10        25.33        26.75        26.42        27.02        -0.56      L
1926    11        25.61        26.77        26.51        27.15        -0.65      L
1926    12        25.80        26.62        26.55        27.12        -0.38      N
1927    01        25.78        26.61        26.44        27.09        -0.15      N
1927    02        26.32        26.80        26.72        27.25        -0.10      N
1927    03        26.49        27.31        26.88        27.59        -0.19      N
1927    04        26.80        27.90        27.12        27.85        -0.27      N
1927    05        27.07        27.98        26.96        27.78        -0.13      N
1927    06        27.20        27.76        26.65        27.37        -0.07      N
1927    07        26.37        27.31        26.21        26.92        -0.06      N
1927    08        26.18        26.90        26.06        26.72        -0.08      N
1927    09        26.19        26.74        26.15        26.80         0.21      N
1927    10        26.71        26.75        26.47        27.02         0.14      N
1927    11        26.02        26.77        26.66        27.15         0.13      N
1927    12        26.22        26.62        26.64        27.12         0.04      N
1928    01        26.43        26.61        26.65        27.09         0.31      N
1928    02        26.67        26.80        26.75        27.25         0.22      N
1928    03        26.51        27.31        26.93        27.59         0.24      N
1928    04        27.51        27.90        27.16        27.85         0.11      N
1928    05        27.33        27.98        27.04        27.78         0.17      N
1928    06        26.95        27.76        26.57        27.37         0.13      N
1928    07        26.78        27.31        26.17        26.92         0.21      N
1928    08        26.42        26.90        25.91        26.72         0.26      N
1928    09        26.06        26.74        25.99        26.80         0.30      N
1928    10        26.27        26.75        26.24        27.02         0.22      N
1928    11        26.14        26.77        26.41        27.15         0.20      N
1928    12        25.96        26.62        26.37        27.12         0.04      N
1929    01        25.68        26.61        26.26        27.09        -0.18      N
1929    02        25.53        26.80        26.40        27.25        -0.21      N
1929    03        26.59        27.31        26.84        27.59        -0.23      N
1929    04        27.03        27.90        27.09        27.85         0.04      N
1929    05        27.27        27.98        26.89        27.78         0.18      N
1929    06        27.27        27.76        26.53        27.37         0.37      N
1929    07        26.82        27.31        26.08        26.92         0.38      N
1929    08        26.43        26.90        26.00        26.72         0.55      E
1929    09        26.85        26.74        26.12        26.80         0.58      E
1929    10        26.45        26.75        26.30        27.02         0.67      E
1929    11        26.58        26.77        26.52        27.15         0.50      N
1929    12        26.29        26.62        26.43        27.12         0.63      E
1930    01        26.71        26.61        26.45        27.09         0.68      E
1930    02        26.63        26.80        26.57        27.25         0.80      E
1930    03        27.23        27.31        26.89        27.59         0.71      E
1930    04        27.77        27.90        27.24        27.85         0.95      E
1930    05        28.26        27.98        27.09        27.78         0.85      E
1930    06        27.47        27.76        26.65        27.37         0.97      E
1930    07        27.56        27.31        26.28        26.92         0.82      E
1930    08        27.00        26.90        26.08        26.72         1.14      E
1930    09        27.53        26.74        26.33        26.80         1.25      E
1930    10        27.51        26.75        26.63        27.02         1.57      E
1930    11        27.98        26.77        26.88        27.15         1.62      E
1930    12        27.60        26.62        26.75        27.12         1.68      E
1931    01        27.60        26.61        26.82        27.09         1.51      E
1931    02        27.51        26.80        26.96        27.25         1.31      E
1931    03        27.83        27.31        27.29        27.59         1.06      E
1931    04        28.05        27.90        27.42        27.85         0.87      E
1931    05        28.09        27.98        27.39        27.78         0.54      E
1931    06        27.45        27.76        26.95        27.37         0.27      N
1931    07        26.86        27.31        26.47        26.92         0.17      N
1931    08        26.64        26.90        26.16        26.72        -0.09      N
1931    09        25.65        26.74        26.25        26.80        -0.35      N
1931    10        25.49        26.75        26.40        27.02        -0.61      L
1931    11        25.77        26.77        26.49        27.15        -0.57      L
1931    12        25.54        26.62        26.46        27.12        -0.55      L
1932    01        25.31        26.61        26.39        27.09        -0.50      N
1932    02        25.96        26.80        26.59        27.25        -0.23      N
1932    03        26.99        27.31        27.03        27.59         0.20      N
1932    04        27.65        27.90        27.21        27.85         0.46      N
1932    05        27.73        27.98        27.15        27.78         0.45      N
1932    06        27.29        27.76        26.67        27.37         0.34      N
1932    07        26.75        27.31        26.17        26.92         0.09      N
1932    08        26.05        26.90        26.05        26.72         0.01      N
1932    09        26.15        26.74        26.18        26.80        -0.04      N
1932    10        25.97        26.75        26.17        27.02         0.16      N
1932    11        26.35        26.77        26.44        27.15         0.13      N
1932    12        25.88        26.62        26.42        27.12         0.06      N
1933    01        25.90        26.61        26.48        27.09        -0.14      N
1933    02        25.96        26.80        26.62        27.25        -0.20      N
1933    03        26.45        27.31        26.91        27.59        -0.26      N
1933    04        26.95        27.90        27.10        27.85        -0.35      N
1933    05        26.81        27.98        26.98        27.78        -0.50      N
1933    06        26.35        27.76        26.49        27.37        -0.58      L
1933    07        25.93        27.31        26.02        26.92        -0.67      L
1933    08        25.39        26.90        25.87        26.72        -0.75      L
1933    09        25.06        26.74        25.87        26.80        -0.79      L
1933    10        25.30        26.75        26.13        27.02        -0.92      L
1933    11        24.83        26.77        26.18        27.15        -1.03      L
1933    12        24.64        26.62        26.15        27.12        -1.02      L
1934    01        25.14        26.61        26.14        27.09        -0.81      L
1934    02        25.48        26.80        26.34        27.25        -0.56      L
1934    03        25.96        27.31        26.63        27.59        -0.30      N
1934    04        27.23        27.90        27.05        27.85        -0.06      N
1934    05        27.24        27.98        26.92        27.78         0.13      N
1934    06        27.12        27.76        26.68        27.37         0.21      N
1934    07        26.97        27.31        26.25        26.92         0.14      N
1934    08        26.23        26.90        26.06        26.72         0.05      N
1934    09        25.95        26.74        26.19        26.80        -0.16      N
1934    10        25.84        26.75        26.33        27.02        -0.10      N
1934    11        26.26        26.77        26.50        27.15        -0.03      N
1934    12        25.91        26.62        26.43        27.12        -0.05      N
1935    01        25.66        26.61        26.40        27.09        -0.09      N
1935    02        26.15        26.80        26.54        27.25        -0.07      N
1935    03        26.57        27.31        26.82        27.59        -0.11      N
1935    04        26.82        27.90        27.11        27.85        -0.27      N
1935    05        26.95        27.98        27.03        27.78        -0.28      N
1935    06        27.04        27.76        26.64        27.37        -0.12      N
1935    07        26.51        27.31        26.13        26.92         0.06      N
1935    08        26.37        26.90        26.03        26.72         0.17      N
1935    09        26.31        26.74        26.10        26.80         0.30      N
1935    10        26.42        26.75        26.36        27.02         0.37      N
1935    11        26.47        26.77        26.54        27.15         0.26      N
1935    12        25.96        26.62        26.48        27.12         0.31      N
1936    01        26.45        26.61        26.47        27.09         0.35      N
1936    02        26.62        26.80        26.69        27.25         0.38      N
1936    03        26.74        27.31        26.98        27.59         0.18      N
1936    04        27.34        27.90        27.30        27.85         0.13      N
1936    05        27.63        27.98        27.16        27.78         0.10      N
1936    06        26.92        27.76        26.58        27.37         0.03      N
1936    07        26.41        27.31        26.17        26.92        -0.08      N
1936    08        26.27        26.90        26.10        26.72        -0.09      N
1936    09        26.08        26.74        26.20        26.80        -0.03      N
1936    10        26.16        26.75        26.42        27.02        -0.10      N
1936    11        25.91        26.77        26.48        27.15        -0.09      N
1936    12        25.94        26.62        26.48        27.12        -0.24      N
1937    01        25.54        26.61        26.39        27.09        -0.10      N
1937    02        26.48        26.80        26.77        27.25         0.03      N
1937    03        27.14        27.31        27.14        27.59         0.17      N
1937    04        27.30        27.90        27.30        27.85         0.00      N
1937    05        27.21        27.98        27.22        27.78        -0.23      N
1937    06        26.98        27.76        26.83        27.37        -0.26      N
1937    07        26.63        27.31        26.41        26.92        -0.16      N
1937    08        26.38        26.90        26.19        26.72         0.01      N
1937    09        26.44        26.74        26.31        26.80         0.03      N
1937    10        26.06        26.75        26.44        27.02         0.07      N
1937    11        26.35        26.77        26.64        27.15        -0.06      N
1937    12        26.05        26.62        26.68        27.12        -0.23      N
1938    01        25.48        26.61        26.49        27.09        -0.40      N
1938    02        25.98        26.80        26.73        27.25        -0.63      L
1938    03        26.03        27.31        26.97        27.59        -0.50      N
1938    04        26.98        27.90        27.08        27.85        -0.40      N
1938    05        27.14        27.98        27.00        27.78        -0.34      N
1938    06        26.42        27.76        26.59        27.37        -0.65      L
1938    07        25.54        27.31        26.09        26.92        -1.15      L
1938    08        24.64        26.90        25.85        26.72        -1.13      L
1938    09        25.43        26.74        26.02        26.80        -0.89      L
1938    10        25.76        26.75        26.32        27.02        -0.57      L
1938    11        25.40        26.77        26.36        27.15        -0.53      L
1938    12        25.28        26.62        26.21        27.12        -0.76      L
1939    01        24.94        26.61        26.27        27.09        -0.41      N
1939    02        26.34        26.80        26.49        27.25        -0.37      N
1939    03        26.11        27.31        26.72        27.59         0.09      N
1939    04        27.42        27.90        27.14        27.85         0.01      N
1939    05        27.39        27.98        27.06        27.78         0.25      N
1939    06        27.34        27.76        26.75        27.37         0.35      N
1939    07        27.30        27.31        26.42        26.92         0.33      N
1939    08        26.50        26.90        26.18        26.72         0.44      N
1939    09        26.90        26.74        26.46        26.80         0.33      N
1939    10        26.39        26.75        26.45        27.02         0.39      N
1939    11        26.56        26.77        26.70        27.15         0.09      N
1939    12        26.04        26.62        26.78        27.12         0.26      N
1940    01        27.14        26.61        27.00        27.09         0.73      E
1940    02        28.10        26.80        27.19        27.25         1.12      E
1940    03        27.69        27.31        27.34        27.59         0.94      E
1940    04        27.77        27.90        27.61        27.85         0.56      E
1940    05        28.28        27.98        27.61        27.78         0.41      N
1940    06        27.77        27.76        27.05        27.37         0.32      N
1940    07        26.89        27.31        26.56        26.92         0.52      E
1940    08        27.78        26.90        26.58        26.72         0.43      N
1940    09        26.73        26.74        26.66        26.80         0.69      E
1940    10        27.18        26.75        26.87        27.02         0.64      E
1940    11        27.48        26.77        26.99        27.15         1.15      E
1940    12        27.88        26.62        27.01        27.12         1.43      E
1941    01        27.92        26.61        27.15        27.09         1.70      E
1941    02        28.30        26.80        27.32        27.25         1.38      E
1941    03        27.90        27.31        27.64        27.59         1.19      E
1941    04        28.62        27.90        27.86        27.85         0.82      E
1941    05        28.37        27.98        27.64        27.78         0.71      E
1941    06        28.07        27.76        27.35        27.37         0.56      E
1941    07        27.74        27.31        26.91        26.92         0.47      N
1941    08        27.19        26.90        26.60        26.72         0.58      E
1941    09        27.20        26.74        26.63        26.80         0.50      N
1941    10        27.11        26.75        27.16        27.02         0.57      E
1941    11        27.41        26.77        27.23        27.15         0.78      E
1941    12        27.94        26.62        27.30        27.12         0.95      E
1942    01        27.07        26.61        26.95        27.09         0.88      E
1942    02        26.93        26.80        27.03        27.25         0.55      E
1942    03        27.35        27.31        27.32        27.59         0.52      E
1942    04        28.10        27.90        27.56        27.85         0.31      N
1942    05        27.53        27.98        27.47        27.78        -0.03      N
1942    06        26.87        27.76        26.91        27.37        -0.51      L
1942    07        26.18        27.31        26.44        26.92        -0.83      L
1942    08        25.34        26.90        26.17        26.72        -1.21      L
1942    09        24.72        26.74        26.18        26.80        -1.45      L
1942    10        24.84        26.75        26.33        27.02        -1.61      L
1942    11        24.72        26.77        26.46        27.15        -1.40      L
1942    12        25.14        26.62        26.50        27.12        -1.45      L
1943    01        24.71        26.61        26.51        27.09        -1.41      L
1943    02        25.07        26.80        26.71        27.25        -1.46      L
1943    03        25.72        27.31        26.93        27.59        -1.19      L
1943    04        26.75        27.90        27.25        27.85        -0.85      L
1943    05        27.15        27.98        27.31        27.78        -0.43      N
1943    06        27.24        27.76        26.90        27.37        -0.14      N
1943    07        26.91        27.31        26.45        26.92         0.15      N
1943    08        26.86        26.90        26.34        26.72         0.14      N
1943    09        26.14        26.74        26.25        26.80        -0.07      N
1943    10        25.91        26.75        26.63        27.02        -0.35      N
1943    11        25.99        26.77        26.73        27.15        -0.46      N
1943    12        25.85        26.62        26.68        27.12        -0.43      N
1944    01        25.72        26.61        26.56        27.09        -0.28      N
1944    02        26.47        26.80        26.90        27.25        -0.18      N
1944    03        26.99        27.31        27.35        27.59         0.10      N
1944    04        27.97        27.90        27.63        27.85         0.09      N
1944    05        27.72        27.98        27.52        27.78         0.17      N
1944    06        27.74        27.76        27.26        27.37         0.06      N
1944    07        27.25        27.31        26.82        26.92         0.05      N
1944    08        26.64        26.90        26.47        26.72        -0.31      N
1944    09        25.64        26.74        26.51        26.80        -0.66      L
1944    10        25.61        26.75        26.71        27.02        -0.83      L
1944    11        25.74        26.77        26.55        27.15        -0.71      L
1944    12        25.95        26.62        26.93        27.12        -0.70      L
1945    01        25.62        26.61        26.91        27.09        -1.05      L
1945    02        25.50        26.80        27.16        27.25        -1.24      L
1945    03        26.13        27.31        27.31        27.59        -1.29      L
1945    04        26.88        27.90        27.60        27.85        -1.11      L
1945    05        26.95        27.98        27.48        27.78        -0.44      N
1945    06        28.06        27.76        27.13        27.37        -0.41      N
1945    07        26.07        27.31        26.47        26.92        -0.27      N
1945    08        26.27        26.90        26.51        26.72        -0.66      L
1945    09        25.92        26.74        26.42        26.80        -0.55      L
1945    10        25.95        26.75        26.72        27.02        -0.62      L
1945    11        25.80        26.77        26.78        27.15        -0.44      N
1945    12        26.37        26.62        26.86        27.12        -0.36      N
1946    01        26.05        26.61        26.81        27.09        -0.38      N
1946    02        25.82        26.80        26.91        27.25        -0.45      N
1946    03        26.86        27.31        27.28        27.59        -0.51      L
1946    04        27.09        27.90        27.40        27.85        -0.18      N
1946    05        27.43        27.98        27.11        27.78        -0.09      N
1946    06        27.10        27.76        26.67        27.37         0.04      N
1946    07        26.58        27.31        26.25        26.92        -0.33      N
1946    08        25.46        26.90        26.07        26.72         0.05      N
1946    09        27.39        26.74        26.46        26.80         0.23      N
1946    10        26.69        26.75        26.59        27.02         0.67      E
1946    11        26.50        26.77        26.60        27.15         0.18      N
1946    12        25.90        26.62        26.62        27.12         0.22      N
1947    01        26.69        26.61        26.71        27.09         0.18      N
1947    02        26.49        26.80        26.76        27.25         0.30      N
1947    03        26.89        27.31        27.12        27.59         0.28      N
1947    04        27.79        27.90        27.34        27.85         0.07      N
1947    05        27.08        27.98        27.19        27.78         0.27      N
1947    06        27.76        27.76        26.86        27.37         0.16      N
1947    07        26.95        27.31        26.38        26.92         0.26      N
1947    08        26.21        26.90        26.08        26.72         0.00      N
1947    09        25.94        26.74        26.12        26.80        -0.28      N
1947    10        25.45        26.75        26.25        27.02        -0.53      L
1947    11        25.40        26.77        26.45        27.15        -0.33      N
1947    12        26.43        26.62        26.54        27.12        -0.02      N
1948    01        26.18        26.61        26.42        27.09         0.51      E
1948    02        26.86        26.80        26.71        27.25         0.66      E
1948    03        27.51        27.31        27.10        27.59         0.78      E
1948    04        27.73        27.90        27.23        27.85         0.82      E
1948    05        28.13        27.98        27.29        27.78         0.56      E
1948    06        27.38        27.76        26.82        27.37         0.53      E
1948    07        27.14        27.31        26.31        26.92         0.27      N
1948    08        26.43        26.90        26.18        26.72         0.24      N
1948    09        26.06        26.74        26.02        26.80        -0.14      N
1948    10        25.50        26.75        26.28        27.02        -0.45      N
1948    11        25.32        26.77        26.41        27.15        -0.24      N
1948    12        26.68        26.62        26.55        27.12         0.02      N
1949    01        26.09        26.61        26.47        27.09         0.51      E
1949    02        26.78        26.80        26.76        27.25         0.11      N
1949    03        26.31        27.31        26.93        27.59         0.21      N
1949    04        27.65        27.90        27.25        27.85         0.31      N
1949    05        28.04        27.98        27.17        27.78         0.13      N
1949    06        26.33        27.76        26.67        27.37        -0.04      N
1949    07        26.65        27.31        26.33        26.92        -0.31      N
1949    08        26.32        26.90        26.13        26.72        -0.04      N
1949    09        25.92        26.74        26.01        26.80        -0.07      N
1949    10        25.90        26.75        26.29        27.02        -0.49      N
1949    11        24.89        26.77        26.34        27.15        -0.82      L
1949    12        25.09        26.62        26.42        27.12        -1.22      L
1950    01        24.86        26.61        26.41        27.09        -1.19      L
1950    02        25.11        26.80        26.50        27.25        -1.08      L
1950    03        26.12        27.31        26.92        27.59        -0.97      L
1950    04        26.42        27.90        27.08        27.85        -1.02      L
1950    05        26.18        27.98        26.96        27.78        -1.00      L
1950    06        26.45        27.76        26.60        27.37        -0.73      L
1950    07        26.35        27.31        26.18        26.92        -0.38      N
1950    08        25.94        26.90        25.95        26.72        -0.32      N
1950    09        25.55        26.74        26.01        26.80        -0.29      N
1950    10        25.80        26.75        26.20        27.02        -0.38      N
1950    11        25.46        26.77        26.25        27.15        -0.36      N
1950    12        25.42        26.62        26.26        27.12        -0.50      N
1951    01        25.37        26.61        26.32        27.09        -0.28      N
1951    02        26.23        26.80        26.54        27.25         0.08      N
1951    03        27.02        27.31        26.79        27.59         0.48      N
1951    04        27.66        27.90        27.16        27.85         0.64      E
1951    05        27.78        27.98        27.13        27.78         0.60      E
1951    06        27.73        27.76        26.89        27.37         0.70      E
1951    07        27.67        27.31        26.51        26.92         0.80      E
1951    08        27.34        26.90        26.34        26.72         0.97      E
1951    09        27.24        26.74        26.41        26.80         1.05      E
1951    10        27.46        26.75        26.78        27.02         0.99      E
1951    11        27.07        26.77        26.84        27.15         0.94      E
1951    12        27.03        26.62        26.76        27.12         0.72      E
1952    01        26.63        26.61        26.74        27.09         0.66      E
1952    02        26.92        26.80        26.95        27.25         0.35      N
1952    03        26.93        27.31        27.21        27.59         0.46      N
1952    04        28.14        27.90        27.46        27.85         0.24      N
1952    05        27.45        27.98        27.34        27.78        -0.05      N
1952    06        26.56        27.76        26.82        27.37        -0.46      N
1952    07        26.35        27.31        26.31        26.92        -0.40      N
1952    08        26.34        26.90        26.16        26.72        -0.13      N
1952    09        26.25        26.74        26.30        26.80         0.09      N
1952    10        26.46        26.75        26.52        27.02         0.04      N
1952    11        26.08        26.77        26.58        27.15        -0.09      N
1952    12        25.79        26.62        26.61        27.12         0.10      N
1953    01        26.91        26.61        26.70        27.09         0.41      N
1953    02        27.05        26.80        26.91        27.25         0.68      E
1953    03        27.22        27.31        27.20        27.59         0.68      E
1953    04        28.19        27.90        27.49        27.85         0.74      E
1953    05        28.24        27.98        27.38        27.78         0.97      E
1953    06        28.23        27.76        27.00        27.37         0.85      E
1953    07        27.41        27.31        26.52        26.92         0.68      E
1953    08        26.84        26.90        26.30        26.72         0.73      E
1953    09        27.33        26.74        26.39        26.80         0.66      E
1953    10        26.57        26.75        26.54        27.02         0.84      E
1953    11        27.11        26.77        26.71        27.15         0.58      E
1953    12        26.54        26.62        26.70        27.12         0.67      E
1954    01        26.63        26.61        26.61        27.09         0.64      E
1954    02        27.06        26.80        26.83        27.25         0.64      E
1954    03        27.05        27.31        27.03        27.59         0.34      N
1954    04        26.95        27.90        27.12        27.85        -0.01      N
1954    05        27.15        27.98        27.05        27.78        -0.24      N
1954    06        26.81        27.76        26.64        27.37        -0.21      N
1954    07        26.27        27.31        26.08        26.92        -0.45      N
1954    08        25.49        26.90        26.02        26.72        -0.62      L
1954    09        25.29        26.74        26.00        26.80        -0.54      L
1954    10        25.99        26.75        26.24        27.02        -0.30      N
1954    11        25.84        26.77        26.34        27.15        -0.09      N
1954    12        25.65        26.62        26.26        27.12        -0.18      N
1955    01        25.80        26.61        26.48        27.09        -0.11      N
1955    02        26.06        26.80        26.47        27.25        -0.13      N
1955    03        26.39        27.31        26.83        27.59        -0.12      N
1955    04        26.82        27.90        26.92        27.85        -0.38      N
1955    05        26.47        27.98        26.78        27.78        -0.35      N
1955    06        26.72        27.76        26.46        27.37        -0.52      L
1955    07        25.84        27.31        26.05        26.92        -0.40      N
1955    08        25.86        26.90        25.94        26.72        -0.69      L
1955    09        25.09        26.74        26.02        26.80        -0.89      L
1955    10        24.70        26.75        26.06        27.02        -1.31      L
1955    11        24.56        26.77        26.23        27.15        -1.40      L
1955    12        24.65        26.62        26.21        27.12        -1.30      L
1956    01        24.98        26.61        26.31        27.09        -0.82      L
1956    02        25.99        26.80        26.51        27.25        -0.41      N
1956    03        26.49        27.31        26.83        27.59        -0.12      N
1956    04        26.93        27.90        27.02        27.85        -0.09      N
1956    05        27.12        27.98        26.91        27.78        -0.02      N
1956    06        26.97        27.76        26.51        27.37        -0.01      N
1956    07        26.34        27.31        26.07        26.92        -0.15      N
1956    08        25.82        26.90        25.96        26.72        -0.18      N
1956    09        25.93        26.74        25.98        26.80        -0.12      N
1956    10        25.97        26.75        26.23        27.02        -0.13      N
1956    11        25.65        26.77        26.39        27.15        -0.14      N
1956    12        25.98        26.62        26.48        27.12        -0.16      N
1957    01        25.97        26.61        26.51        27.09         0.00      N
1957    02        26.38        26.80        26.78        27.25         0.21      N
1957    03        27.36        27.31        27.14        27.59         0.53      E
1957    04        28.16        27.90        27.47        27.85         0.85      E
1957    05        28.46        27.98        27.53        27.78         0.90      E
1957    06        28.04        27.76        27.02        27.37         0.91      E
1957    07        27.79        27.31        26.60        26.92         1.04      E
1957    08        27.83        26.90        26.47        26.72         1.06      E
1957    09        27.11        26.74        26.46        26.80         1.15      E
1957    10        27.43        26.75        26.69        27.02         1.17      E
1957    11        27.63        26.77        26.83        27.15         1.46      E
1957    12        27.83        26.62        26.93        27.12         1.75      E
1958    01        28.17        26.61        26.96        27.09         1.90      E
1958    02        28.22        26.80        27.21        27.25         1.81      E
1958    03        28.27        27.31        27.47        27.59         1.34      E
1958    04        28.15        27.90        27.63        27.85         0.98      E
1958    05        28.18        27.98        27.41        27.78         0.68      E
1958    06        27.86        27.76        27.01        27.37         0.57      E
1958    07        27.27        27.31        26.58        26.92         0.45      N
1958    08        26.95        26.90        26.39        26.72         0.27      N
1958    09        26.38        26.74        26.43        26.80         0.23      N
1958    10        26.51        26.75        26.58        27.02         0.25      N
1958    11        26.71        26.77        26.70        27.15         0.37      N
1958    12        26.58        26.62        26.77        27.12         0.64      E
1959    01        27.18        26.61        26.81        27.09         0.78      E
1959    02        27.22        26.80        26.98        27.25         0.84      E
1959    03        27.42        27.31        27.26        27.59         0.65      E
1959    04        27.92        27.90        27.53        27.85         0.49      N
1959    05        27.92        27.98        27.42        27.78         0.33      N
1959    06        27.38        27.76        26.90        27.37         0.08      N
1959    07        26.59        27.31        26.41        26.92        -0.11      N
1959    08        26.26        26.90        26.23        26.72        -0.23      N
1959    09        26.09        26.74        26.35        26.80        -0.07      N
1959    10        26.52        26.75        26.60        27.02         0.04      N
1959    11        26.42        26.77        26.70        27.15         0.24      N
1959    12        26.49        26.62        26.69        27.12         0.22      N
1960    01        26.29        26.61        26.64        27.09         0.21      N
1960    02        26.45        26.80        26.84        27.25         0.19      N
1960    03        27.22        27.31        27.25        27.59         0.22      N
1960    04        27.64        27.90        27.41        27.85         0.26      N
1960    05        27.72        27.98        27.39        27.78         0.16      N
1960    06        27.26        27.76        26.82        27.37         0.06      N
1960    07        26.85        27.31        26.49        26.92         0.13      N
1960    08        26.70        26.90        26.20        26.72         0.20      N
1960    09        26.55        26.74        26.37        26.80         0.26      N
1960    10        26.32        26.75        26.48        27.02         0.08      N
1960    11        26.09        26.77        26.63        27.15        -0.07      N
1960    12        26.13        26.62        26.75        27.12        -0.08      N
1961    01        26.28        26.61        26.70        27.09         0.03      N
1961    02        26.64        26.80        26.97        27.25         0.08      N
1961    03        26.88        27.31        27.16        27.59         0.04      N
1961    04        27.44        27.90        27.42        27.85         0.07      N
1961    05        27.69        27.98        27.30        27.78         0.26      N
1961    06        27.73        27.76        26.92        27.37         0.31      N
1961    07        26.81        27.31        26.31        26.92         0.20      N
1961    08        26.27        26.90        26.12        26.72        -0.07      N
1961    09        25.88        26.74        26.18        26.80        -0.22      N
1961    10        25.87        26.75        26.42        27.02        -0.16      N
1961    11        26.31        26.77        26.57        27.15        -0.06      N
1961    12        26.11        26.62        26.59        27.12         0.02      N
1962    01        26.02        26.61        26.59        27.09        -0.00      N
1962    02        26.35        26.80        26.75        27.25        -0.00      N
1962    03        26.86        27.31        27.12        27.59         0.00      N
1962    04        27.29        27.90        27.31        27.85        -0.16      N
1962    05        27.13        27.98        27.22        27.78        -0.16      N
1962    06        27.22        27.76        26.84        27.37        -0.13      N
1962    07        26.84        27.31        26.46        26.92         0.02      N
1962    08        26.50        26.90        26.25        26.72        -0.10      N
1962    09        25.93        26.74        26.28        26.80        -0.14      N
1962    10        26.08        26.75        26.48        27.02        -0.30      N
1962    11        25.96        26.77        26.66        27.15        -0.29      N
1962    12        25.82        26.62        26.58        27.12        -0.36      N
1963    01        25.85        26.61        26.64        27.09        -0.29      N
1963    02        26.28        26.80        26.87        27.25        -0.13      N
1963    03        27.08        27.31        27.22        27.59         0.04      N
1963    04        27.61        27.90        27.47        27.85         0.07      N
1963    05        27.56        27.98        27.45        27.78         0.02      N
1963    06        27.40        27.76        26.97        27.37         0.40      N
1963    07        27.98        27.31        26.60        26.92         0.74      E
1963    08        27.47        26.90        26.45        26.72         1.09      E
1963    09        27.39        26.74        26.52        26.80         1.08      E
1963    10        27.41        26.75        26.74        27.02         1.07      E
1963    11        27.32        26.77        26.93        27.15         1.12      E
1963    12        27.45        26.62        26.91        27.12         1.07      E
1964    01        27.22        26.61        26.91        27.09         1.01      E
1964    02        27.12        26.80        26.99        27.25         0.62      E
1964    03        26.96        27.31        27.17        27.59         0.13      N
1964    04        27.04        27.90        27.35        27.85        -0.37      N
1964    05        26.81        27.98        27.13        27.78        -0.67      L
1964    06        26.55        27.76        26.77        27.37        -0.67      L
1964    07        26.26        27.31        26.31        26.92        -0.58      L
1964    08        25.77        26.90        25.98        26.72        -0.54      L
1964    09        25.43        26.74        26.03        26.80        -0.53      L
1964    10        25.61        26.75        26.27        27.02        -0.63      L
1964    11        25.29        26.77        26.32        27.15        -0.58      L
1964    12        25.35        26.62        26.23        27.12        -0.47      N
1965    01        25.73        26.61        26.34        27.09        -0.16      N
1965    02        26.34        26.80        26.67        27.25         0.10      N
1965    03        26.92        27.31        26.97        27.59         0.22      N
1965    04        27.54        27.90        27.33        27.85         0.38      N
1965    05        27.90        27.98        27.26        27.78         0.68      E
1965    06        28.17        27.76        26.87        27.37         1.04      E
1965    07        27.88        27.31        26.39        26.92         1.34      E
1965    08        27.82        26.90        26.28        26.72         1.50      E
1965    09        27.67        26.74        26.40        26.80         1.76      E
1965    10        28.14        26.75        26.66        27.02         1.87      E
1965    11        27.99        26.77        26.83        27.15         2.00      E
1965    12        27.95        26.62        26.83        27.12         1.81      E
1966    01        27.58        26.61        26.79        27.09         1.55      E
1966    02        27.33        26.80        26.96        27.25         1.30      E
1966    03        27.92        27.31        27.25        27.59         1.05      E
1966    04        28.14        27.90        27.49        27.85         0.61      E
1966    05        27.25        27.98        27.27        27.78         0.32      N
1966    06        27.68        27.76        26.96        27.37         0.24      N
1966    07        27.41        27.31        26.56        26.92         0.32      N
1966    08        26.47        26.90        26.26        26.72         0.19      N
1966    09        26.31        26.74        26.36        26.80         0.01      N
1966    10        26.25        26.75        26.52        27.02        -0.02      N
1966    11        26.28        26.77        26.72        27.15        -0.11      N
1966    12        25.99        26.62        26.69        27.12        -0.22      N
1967    01        25.82        26.61        26.56        27.09        -0.26      N
1967    02        26.12        26.80        26.72        27.25        -0.23      N
1967    03        26.60        27.31        27.03        27.59        -0.34      N
1967    04        26.87        27.90        27.30        27.85        -0.31      N
1967    05        27.43        27.98        27.28        27.78        -0.07      N
1967    06        27.60        27.76        26.84        27.37         0.23      N
1967    07        26.90        27.31        26.30        26.92         0.25      N
1967    08        26.27        26.90        26.04        26.72        -0.00      N
1967    09        25.84        26.74        26.16        26.80        -0.11      N
1967    10        25.99        26.75        26.31        27.02        -0.08      N
1967    11        26.16        26.77        26.43        27.15         0.02      N
1967    12        25.96        26.62        26.48        27.12        -0.02      N
1968    01        25.73        26.61        26.38        27.09        -0.23      N
1968    02        25.76        26.80        26.58        27.25        -0.35      N
1968    03        26.29        27.31        26.87        27.59        -0.32      N
1968    04        27.17        27.90        27.18        27.85        -0.26      N
1968    05        27.11        27.98        27.11        27.78         0.09      N
1968    06        27.78        27.76        26.92        27.37         0.35      N
1968    07        27.43        27.31        26.48        26.92         0.57      E
1968    08        26.92        26.90        26.32        26.72         0.47      N
1968    09        26.59        26.74        26.42        26.80         0.40      N
1968    10        26.83        26.75        26.73        27.02         0.57      E
1968    11        27.29        26.77        26.86        27.15         0.75      E
1968    12        27.07        26.62        26.90        27.12         1.02      E
1969    01        27.55        26.61        27.02        27.09         1.08      E
1969    02        27.65        26.80        27.20        27.25         1.01      E
1969    03        27.72        27.31        27.55        27.59         0.69      E
1969    04        28.05        27.90        27.80        27.85         0.46      N
1969    05        28.29        27.98        27.74        27.78         0.38      N
1969    06        27.87        27.76        27.18        27.37         0.30      N
1969    07        27.07        27.31        26.62        26.92         0.29      N
1969    08        26.97        26.90        26.42        26.72         0.35      N
1969    09        26.98        26.74        26.57        26.80         0.58      E
1969    10        27.19        26.75        26.83        27.02         0.68      E
1969    11        27.17        26.77        26.96        27.15         0.82      E
1969    12        27.28        26.62        26.98        27.12         0.69      E
1970    01        26.79        26.61        26.98        27.09         0.48      N
1970    02        26.63        26.80        27.03        27.25         0.22      N
1970    03        27.26        27.31        27.38        27.59         0.24      N
1970    04        27.92        27.90        27.55        27.85         0.25      N
1970    05        27.67        27.98        27.41        27.78         0.12      N
1970    06        27.11        27.76        26.84        27.37        -0.25      N
1970    07        26.25        27.31        26.39        26.92        -0.47      N
1970    08        25.80        26.90        26.15        26.72        -0.64      L
1970    09        25.61        26.74        26.20        26.80        -0.55      L
1970    10        25.83        26.75        26.40        27.02        -0.56      L
1970    11        25.59        26.77        26.54        27.15        -0.54      L
1970    12        25.43        26.62        26.40        27.12        -0.85      L
1971    01        24.85        26.61        26.37        27.09        -0.95      L
1971    02        25.24        26.80        26.46        27.25        -1.00      L
1971    03        25.93        27.31        26.76        27.59        -0.78      L
1971    04        26.75        27.90        27.14        27.85        -0.58      L
1971    05        26.99        27.98        27.05        27.78        -0.49      N
1971    06        26.54        27.76        26.54        27.37        -0.37      N
1971    07        26.33        27.31        26.17        26.92        -0.29      N
1971    08        26.05        26.90        25.98        26.72        -0.24      N
1971    09        25.78        26.74        26.11        26.80        -0.30      N
1971    10        25.62        26.75        26.23        27.02        -0.40      N
1971    11        25.64        26.77        26.39        27.15        -0.41      N
1971    12        25.53        26.62        26.32        27.12        -0.38      N
1972    01        25.80        26.61        26.55        27.09        -0.21      N
1972    02        26.44        26.80        26.84        27.25         0.03      N
1972    03        27.03        27.31        27.03        27.59         0.32      N
1972    04        27.83        27.90        27.38        27.85         0.53      E
1972    05        28.00        27.98        27.33        27.78         0.69      E
1972    06        28.05        27.76        27.01        27.37         0.89      E
1972    07        27.97        27.31        26.60        26.92         1.16      E
1972    08        27.92        26.90        26.47        26.72         1.41      E
1972    09        27.85        26.74        26.59        26.80         1.65      E
1972    10        28.20        26.75        26.92        27.02         1.83      E
1972    11        28.38        26.77        27.11        27.15         1.98      E
1972    12        28.32        26.62        27.17        27.12         1.88      E
1973    01        27.92        26.61        27.12        27.09         1.71      E
1973    02        27.87        26.80        27.18        27.25         1.27      E
1973    03        27.68        27.31        27.43        27.59         0.61      E
1973    04        27.28        27.90        27.53        27.85        -0.16      N
1973    05        27.05        27.98        27.42        27.78        -0.75      L
1973    06        26.58        27.76        26.98        27.37        -1.00      L
1973    07        25.91        27.31        26.52        26.92        -1.10      L
1973    08        25.48        26.90        26.26        26.72        -1.19      L
1973    09        25.24        26.74        26.35        26.80        -1.30      L
1973    10        24.98        26.75        26.49        27.02        -1.63      L
1973    11        24.41        26.77        26.55        27.15        -1.86      L
1973    12        24.32        26.62        26.39        27.12        -1.91      L
1974    01        24.47        26.61        26.27        27.09        -1.61      L
1974    02        25.07        26.80        26.46        27.25        -1.28      L
1974    03        25.79        27.31        26.80        27.59        -0.98      L
1974    04        26.61        27.90        27.09        27.85        -0.85      L
1974    05        26.74        27.98        27.13        27.78        -0.56      L
1974    06        26.98        27.76        26.72        27.37        -0.49      N
1974    07        26.30        27.31        26.35        26.92        -0.27      N
1974    08        26.28        26.90        26.19        26.72        -0.21      N
1974    09        26.19        26.74        26.23        26.80        -0.23      N
1974    10        25.61        26.75        26.38        27.02        -0.44      N
1974    11        25.50        26.77        26.50        27.15        -0.59      L
1974    12        25.62        26.62        26.44        27.12        -0.34      N
1975    01        26.05        26.61        26.43        27.09        -0.12      N
1975    02        26.12        26.80        26.64        27.25        -0.12      N
1975    03        26.29        27.31        26.88        27.59        -0.28      N
1975    04        26.93        27.90        27.13        27.85        -0.42      N
1975    05        26.90        27.98        27.06        27.78        -0.63      L
1975    06        26.23        27.76        26.64        27.37        -0.74      L
1975    07        26.05        27.31        26.28        26.92        -0.87      L
1975    08        25.43        26.90        26.01        26.72        -0.87      L
1975    09        25.14        26.74        26.03        26.80        -0.98      L
1975    10        25.04        26.75        26.17        27.02        -0.95      L
1975    11        25.24        26.77        26.27        27.15        -1.02      L
1975    12        24.67        26.62        26.15        27.12        -1.11      L
1976    01        24.62        26.61        26.18        27.09        -1.01      L
1976    02        25.66        26.80        26.47        27.25        -0.66      L
1976    03        26.39        27.31        26.78        27.59        -0.26      N
1976    04        27.07        27.90        27.12        27.85        -0.14      N
1976    05        27.17        27.98        27.05        27.78         0.03      N
1976    06        27.42        27.76        26.78        27.37         0.30      N
1976    07        27.27        27.31        26.36        26.92         0.53      E
1976    08        26.95        26.90        26.22        26.72         0.73      E
1976    09        27.06        26.74        26.35        26.80         0.90      E
1976    10        27.39        26.75        26.72        27.02         1.05      E
1976    11        27.39        26.77        26.88        27.15         1.06      E
1976    12        27.09        26.62        26.81        27.12         1.08      E
1977    01        27.37        26.61        26.88        27.09         0.97      E
1977    02        27.12        26.80        27.01        27.25         0.90      E
1977    03        27.52        27.31        27.23        27.59         0.48      N
1977    04        27.42        27.90        27.42        27.85         0.34      N
1977    05        27.82        27.98        27.39        27.78         0.28      N
1977    06        27.89        27.76        27.06        27.37         0.53      E
1977    07        27.55        27.31        26.57        26.92         0.48      N
1977    08        26.69        26.90        26.34        26.72         0.48      N
1977    09        26.88        26.74        26.47        26.80         0.62      E
1977    10        27.36        26.75        26.71        27.02         0.89      E
1977    11        27.29        26.77        26.85        27.15         1.11      E
1977    12        27.29        26.62        26.81        27.12         1.06      E
1978    01        27.18        26.61        26.88        27.09         0.97      E
1978    02        27.08        26.80        26.97        27.25         0.72      E
1978    03        27.32        27.31        27.26        27.59         0.28      N
1978    04        27.18        27.90        27.40        27.85        -0.06      N
1978    05        27.30        27.98        27.29        27.78        -0.33      N
1978    06        27.04        27.76        26.92        27.37        -0.25      N
1978    07        26.82        27.31        26.56        26.92        -0.32      N
1978    08        26.00        26.90        26.22        26.72        -0.27      N
1978    09        26.15        26.74        26.35        26.80        -0.27      N
1978    10        26.12        26.75        26.51        27.02        -0.08      N
1978    11        26.40        26.77        26.71        27.15         0.15      N
1978    12        26.69        26.62        26.77        27.12         0.27      N
1979    01        26.54        26.61        26.86        27.09         0.35      N
1979    02        26.78        26.80        26.98        27.25         0.31      N
1979    03        27.34        27.31        27.32        27.59         0.31      N
1979    04        27.84        27.90        27.63        27.85         0.24      N
1979    05        27.77        27.98        27.51        27.78         0.14      N
1979    06        27.60        27.76        27.13        27.37         0.03      N
1979    07        26.92        27.31        26.61        26.92         0.05      N
1979    08        26.70        26.90        26.39        26.72         0.26      N
1979    09        27.11        26.74        26.54        26.80         0.42      N
1979    10        26.79        26.75        26.77        27.02         0.52      E
1979    11        27.00        26.77        27.01        27.15         0.52      E
1979    12        27.13        26.62        27.01        27.12         0.64      E
1980    01        27.10        26.61        27.01        27.09         0.66      E
1980    02        27.06        26.80        27.12        27.25         0.46      N
1980    03        27.28        27.31        27.44        27.59         0.26      N
1980    04        27.79        27.90        27.65        27.85         0.15      N
1980    05        27.95        27.98        27.62        27.78         0.29      N
1980    06        27.97        27.76        27.13        27.37         0.29      N
1980    07        27.15        27.31        26.65        26.92         0.13      N
1980    08        26.38        26.90        26.42        26.72        -0.10      N
1980    09        26.35        26.74        26.54        26.80        -0.18      N
1980    10        26.35        26.75        26.70        27.02        -0.06      N
1980    11        26.59        26.77        26.90        27.15         0.15      N
1980    12        26.73        26.62        26.85        27.12         0.10      N
1981    01        26.02        26.61        26.72        27.09        -0.02      N
1981    02        26.19        26.80        26.84        27.25        -0.18      N
1981    03        27.00        27.31        27.28        27.59        -0.27      N
1981    04        27.10        27.90        27.46        27.85        -0.24      N
1981    05        27.54        27.98        27.45        27.78        -0.29      N
1981    06        27.28        27.76        27.03        27.37        -0.27      N
1981    07        26.57        27.31        26.56        26.92        -0.22      N
1981    08        26.47        26.90        26.31        26.72        -0.15      N
1981    09        26.51        26.74        26.54        26.80        -0.02      N
1981    10        26.52        26.75        26.84        27.02        -0.17      N
1981    11        26.13        26.77        26.92        27.15        -0.20      N
1981    12        26.38        26.62        26.93        27.12        -0.08      N
1982    01        26.70        26.61        26.93        27.09         0.11      N
1982    02        26.59        26.80        26.99        27.25         0.23      N
1982    03        27.22        27.31        27.28        27.59         0.23      N
1982    04        27.90        27.90        27.59        27.85         0.48      N
1982    05        28.35        27.98        27.58        27.78         0.78      E
1982    06        28.47        27.76        27.17        27.37         0.85      E
1982    07        27.57        27.31        26.64        26.92         0.90      E
1982    08        27.45        26.90        26.46        26.72         1.14      E
1982    09        28.15        26.74        26.67        26.80         1.64      E
1982    10        28.48        26.75        26.98        27.02         2.04      E
1982    11        28.47        26.77        27.12        27.15         2.25      E
1982    12        28.74        26.62        27.21        27.12         2.36      E
1983    01        28.78        26.61        27.26        27.09         2.42      E
1983    02        28.72        26.80        27.42        27.25         2.17      E
1983    03        28.69        27.31        27.66        27.59         1.70      E
1983    04        28.66        27.90        27.84        27.85         1.33      E
1983    05        28.77        27.98        27.76        27.78         0.88      E
1983    06        28.17        27.76        27.41        27.37         0.45      N
1983    07        27.11        27.31        26.84        26.92         0.03      N
1983    08        26.62        26.90        26.61        26.72        -0.22      N
1983    09        26.31        26.74        26.64        26.80        -0.59      L
1983    10        25.49        26.75        26.79        27.02        -0.90      L
1983    11        25.54        26.77        26.86        27.15        -1.10      L
1983    12        25.66        26.62        26.91        27.12        -0.96      L
1984    01        25.75        26.61        26.88        27.09        -0.63      L
1984    02        26.51        26.80        27.07        27.25        -0.51      L
1984    03        26.66        27.31        27.39        27.59        -0.45      N
1984    04        27.18        27.90        27.58        27.85        -0.60      L
1984    05        27.18        27.98        27.39        27.78        -0.64      L
1984    06        26.76        27.76        26.94        27.37        -0.50      L
1984    07        26.68        27.31        26.52        26.92        -0.31      N
1984    08        26.53        26.90        26.34        26.72        -0.17      N
1984    09        26.33        26.74        26.59        26.80        -0.27      N
1984    10        25.90        26.75        26.65        27.02        -0.60      L
1984    11        25.55        26.77        26.74        27.15        -0.88      L
1984    12        25.28        26.62        26.65        27.12        -0.92      L
1985    01        25.62        26.61        26.69        27.09        -0.84      L
1985    02        25.88        26.80        26.88        27.25        -0.67      L
1985    03        26.38        27.31        27.11        27.59        -0.75      L
1985    04        26.70        27.90        27.32        27.85        -0.77      L
1985    05        26.95        27.98        27.30        27.78        -0.78      L
1985    06        26.75        27.76        26.88        27.37        -0.54      L
1985    07        26.67        27.31        26.50        26.92        -0.32      N
1985    08        26.39        26.90        26.28        26.72        -0.19      N
1985    09        26.17        26.74        26.43        26.80        -0.16      N
1985    10        26.24        26.75        26.63        27.02        -0.17      N
1985    11        26.31        26.77        26.80        27.15        -0.13      N
1985    12        26.21        26.62        26.80        27.12        -0.20      N
1986    01        25.93        26.61        26.72        27.09        -0.26      N
1986    02        26.33        26.80        27.00        27.25        -0.27      N
1986    03        26.90        27.31        27.29        27.59        -0.19      N
1986    04        27.46        27.90        27.49        27.85        -0.14      N
1986    05        27.57        27.98        27.48        27.78        -0.10      N
1986    06        27.47        27.76        27.12        27.37         0.00      N
1986    07        27.23        27.31        26.69        26.92         0.27      N
1986    08        27.19        26.90        26.44        26.72         0.57      E
1986    09        27.27        26.74        26.59        26.80         0.79      E
1986    10        27.28        26.75        26.86        27.02         1.00      E
1986    11        27.72        26.77        27.06        27.15         1.22      E
1986    12        27.72        26.62        26.96        27.12         1.42      E
1987    01        27.65        26.61        26.97        27.09         1.48      E
1987    02        27.81        26.80        27.16        27.25         1.36      E
1987    03        28.23        27.31        27.60        27.59         1.16      E
1987    04        28.44        27.90        27.79        27.85         0.95      E
1987    05        28.61        27.98        27.84        27.78         0.87      E
1987    06        28.56        27.76        27.41        27.37         0.97      E
1987    07        28.36        27.31        27.02        26.92         1.12      E
1987    08        28.14        26.90        26.86        26.72         1.31      E
1987    09        28.20        26.74        26.99        26.80         1.35      E
1987    10        27.96        26.75        27.22        27.02         1.21      E
1987    11        27.75        26.77        27.42        27.15         0.99      E
1987    12        27.45        26.62        27.24        27.12         0.80      E
1988    01        27.29        26.61        27.24        27.09         0.46      N
1988    02        26.80        26.80        27.39        27.25         0.13      N
1988    03        27.32        27.31        27.70        27.59        -0.39      N
1988    04        27.23        27.90        27.82        27.85        -0.92      L
1988    05        26.56        27.98        27.62        27.78        -1.54      L
1988    06        26.01        27.76        27.16        27.37        -1.76      L
1988    07        25.72        27.31        26.70        26.92        -1.63      L
1988    08        25.53        26.90        26.53        26.72        -1.36      L
1988    09        25.64        26.74        26.58        26.80        -1.44      L
1988    10        24.86        26.75        26.69        27.02        -1.71      L
1988    11        24.56        26.77        26.72        27.15        -1.95      L
1988    12        24.70        26.62        26.65        27.12        -1.94      L
1989    01        24.66        26.61        26.65        27.09        -1.65      L
1989    02        25.38        26.80        26.83        27.25        -1.37      L
1989    03        26.13        27.31        27.13        27.59        -1.11      L
1989    04        26.67        27.90        27.40        27.85        -0.90      L
1989    05        27.11        27.98        27.36        27.78        -0.64      L
1989    06        27.18        27.76        26.98        27.37        -0.42      N
1989    07        26.72        27.31        26.69        26.92        -0.41      N
1989    08        26.15        26.90        26.43        26.72        -0.38      N
1989    09        26.37        26.74        26.57        26.80        -0.31      N
1989    10        26.33        26.75        26.76        27.02        -0.23      N
1989    11        26.24        26.77        26.88        27.15        -0.08      N
1989    12        26.63        26.62        26.88        27.12         0.06      N
1990    01        26.49        26.61        26.80        27.09         0.33      N
1990    02        27.08        26.80        27.16        27.25         0.31      N
1990    03        27.30        27.31        27.40        27.59         0.33      N
1990    04        27.96        27.90        27.71        27.85         0.27      N
1990    05        28.01        27.98        27.60        27.78         0.20      N
1990    06        27.55        27.76        27.15        27.37         0.21      N
1990    07        27.40        27.31        26.74        26.92         0.22      N
1990    08        26.99        26.90        26.53        26.72         0.33      N
1990    09        26.88        26.74        26.63        26.80         0.33      N
1990    10        26.90        26.75        26.91        27.02         0.27      N
1990    11        26.73        26.77        27.00        27.15         0.30      N
1990    12        26.85        26.62        26.98        27.12         0.44      N
1991    01        27.07        26.61        26.98        27.09         0.58      E
1991    02        27.05        26.80        27.08        27.25         0.54      E
1991    03        27.38        27.31        27.41        27.59         0.43      N
1991    04        28.07        27.90        27.72        27.85         0.43      N
1991    05        28.26        27.98        27.68        27.78         0.58      E
1991    06        28.31        27.76        27.30        27.37         0.72      E
1991    07        27.97        27.31        26.90        26.92         0.87      E
1991    08        27.65        26.90        26.59        26.72         0.84      E
1991    09        27.18        26.74        26.67        26.80         1.01      E
1991    10        27.66        26.75        26.83        27.02         1.21      E
1991    11        27.88        26.77        26.94        27.15         1.67      E
1991    12        28.13        26.62        26.96        27.12         1.97      E
1992    01        28.29        26.61        26.95        27.09         2.14      E
1992    02        28.30        26.80        27.14        27.25         2.09      E
1992    03        28.62        27.31        27.45        27.59         1.96      E
1992    04        29.11        27.90        27.72        27.85         1.79      E
1992    05        29.00        27.98        27.68        27.78         1.41      E
1992    06        28.30        27.76        27.23        27.37         0.93      E
1992    07        27.51        27.31        26.74        26.92         0.51      E
1992    08        26.87        26.90        26.45        26.72         0.31      N
1992    09        26.65        26.74        26.53        26.80         0.13      N
1992    10        26.39        26.75        26.72        27.02         0.10      N
1992    11        26.54        26.77        26.79        27.15         0.13      N
1992    12        26.49        26.62        26.75        27.12         0.35      N
1993    01        26.83        26.61        26.83        27.09         0.56      E
1993    02        27.17        26.80        27.00        27.25         0.71      E
1993    03        27.64        27.31        27.36        27.59         0.87      E
1993    04        28.50        27.90        27.67        27.85         1.09      E
1993    05        28.90        27.98        27.67        27.78         1.01      E
1993    06        28.04        27.76        27.21        27.37         0.76      E
1993    07        27.39        27.31        26.67        26.92         0.46      N
1993    08        27.03        26.90        26.47        26.72         0.47      N
1993    09        27.02        26.74        26.60        26.80         0.49      N
1993    10        26.91        26.75        26.81        27.02         0.47      N
1993    11        26.92        26.77        27.00        27.15         0.44      N
1993    12        26.89        26.62        26.97        27.12         0.42      N
1994    01        26.76        26.61        26.94        27.09         0.34      N
1994    02        26.66        26.80        27.03        27.25         0.24      N
1994    03        27.30        27.31        27.40        27.59         0.23      N
1994    04        27.98        27.90        27.66        27.85         0.33      N
1994    05        28.07        27.98        27.60        27.78         0.41      N
1994    06        27.89        27.76        27.13        27.37         0.42      N
1994    07        27.38        27.31        26.64        26.92         0.54      E
1994    08        27.26        26.90        26.44        26.72         0.60      E
1994    09        27.04        26.74        26.54        26.80         0.80      E
1994    10        27.46        26.75        26.91        27.02         0.97      E
1994    11        27.72        26.77        27.07        27.15         1.24      E
1994    12        27.74        26.62        27.04        27.12         1.29      E
1995    01        27.45        26.61        27.03        27.09         1.19      E
1995    02        27.56        26.80        27.28        27.25         0.87      E
1995    03        27.67        27.31        27.55        27.59         0.57      E
1995    04        27.97        27.90        27.77        27.85         0.21      N
1995    05        27.78        27.98        27.67        27.78        -0.07      N
1995    06        27.51        27.76        27.34        27.37        -0.23      N
1995    07        27.02        27.31        26.88        26.92        -0.41      N
1995    08        26.20        26.90        26.58        26.72        -0.57      L
1995    09        25.92        26.74        26.60        26.80        -0.76      L
1995    10        25.81        26.75        26.80        27.02        -0.93      L
1995    11        25.61        26.77        26.96        27.15        -1.02      L
1995    12        25.58        26.62        26.89        27.12        -0.99      L
1996    01        25.75        26.61        26.87        27.09        -0.87      L
1996    02        26.03        26.80        27.12        27.25        -0.75      L
1996    03        26.68        27.31        27.44        27.59        -0.59      L
1996    04        27.47        27.90        27.62        27.85        -0.38      N
1996    05        27.61        27.98        27.55        27.78        -0.25      N
1996    06        27.38        27.76        27.21        27.37        -0.24      N
1996    07        26.93        27.31        26.76        26.92        -0.19      N
1996    08        26.67        26.90        26.53        26.72        -0.20      N
1996    09        26.35        26.74        26.64        26.80        -0.19      N
1996    10        26.34        26.75        26.81        27.02        -0.24      N
1996    11        26.37        26.77        26.92        27.15        -0.30      N
1996    12        26.02        26.62        26.88        27.12        -0.28      N
1997    01        26.15        26.61        26.80        27.09        -0.21      N
1997    02        26.52        26.80        26.94        27.25        -0.03      N
1997    03        27.12        27.31        27.35        27.59         0.17      N
1997    04        28.00        27.90        27.64        27.85         0.49      N
1997    05        28.59        27.98        27.70        27.78         0.86      E
1997    06        28.74        27.76        27.43        27.37         1.23      E
1997    07        28.69        27.31        27.01        26.92         1.52      E
1997    08        28.64        26.90        26.86        26.72         1.85      E
1997    09        28.79        26.74        27.05        26.80         2.08      E
1997    10        28.94        26.75        27.38        27.02         2.23      E
1997    11        29.06        26.77        27.56        27.15         2.26      E
1997    12        28.93        26.62        27.60        27.12         2.28      E
1998    01        28.89        26.61        27.53        27.09         2.15      E
1998    02        28.74        26.80        27.73        27.25         1.84      E
1998    03        28.67        27.31        27.96        27.59         1.25      E
1998    04        28.52        27.90        28.12        27.85         0.84      E
1998    05        28.72        27.98        28.04        27.78         0.04      N
1998    06        27.15        27.76        27.52        27.37        -0.51      L
1998    07        26.52        27.31        27.06        26.92        -1.05      L
1998    08        26.06        26.90        26.82        26.72        -1.14      L
1998    09        25.69        26.74        26.74        26.80        -1.24      L
1998    10        25.46        26.75        26.90        27.02        -1.33      L
1998    11        25.53        26.77        27.04        27.15        -1.51      L
1998    12        24.98        26.62        26.89        27.12        -1.60      L
1999    01        24.87        26.61        26.73        27.09        -1.57      L
1999    02        25.54        26.80        26.95        27.25        -1.29      L
1999    03        26.41        27.31        27.37        27.59        -0.99      L
1999    04        27.01        27.90        27.55        27.85        -0.89      L
1999    05        27.00        27.98        27.45        27.78        -0.82      L
1999    06        26.81        27.76        27.00        27.37        -0.83      L
1999    07        26.31        27.31        26.65        26.92        -0.83      L
1999    08        25.80        26.90        26.40        26.72        -0.86      L
1999    09        25.81        26.74        26.53        26.80        -0.87      L
1999    10        25.65        26.75        26.67        27.02        -1.06      L
1999    11        25.19        26.77        26.79        27.15        -1.33      L
1999    12        24.99        26.62        26.80        27.12        -1.55      L
2000    01        25.02        26.61        26.78        27.09        -1.51      L
2000    02        25.50        26.80        26.98        27.25        -1.31      L
2000    03        26.26        27.31        27.31        27.59        -1.07      L
2000    04        27.04        27.90        27.59        27.85        -0.89      L
2000    05        27.09        27.98        27.46        27.78        -0.68      L
2000    06        27.05        27.76        27.01        27.37        -0.53      L
2000    07        26.64        27.31        26.59        26.92        -0.35      N
2000    08        26.52        26.90        26.51        26.72        -0.29      N
2000    09        26.41        26.74        26.67        26.80        -0.35      N
2000    10        26.08        26.75        26.85        27.02        -0.54      L
2000    11        25.95        26.77        26.98        27.15        -0.79      L
2000    12        25.58        26.62        26.87        27.12        -0.82      L
2001    01        25.82        26.61        26.87        27.09        -0.79      L
2001    02        26.06        26.80        27.06        27.25        -0.61      L
2001    03        26.89        27.31        27.51        27.59        -0.56      L
2001    04        27.44        27.90        27.76        27.85        -0.41      N
2001    05        27.69        27.98        27.68        27.78        -0.27      N
2001    06        27.64        27.76        27.30        27.37        -0.07      N
2001    07        27.26        27.31        26.80        26.92         0.02      N
2001    08        26.81        26.90        26.61        26.72        -0.02      N
2001    09        26.51        26.74        26.70        26.80        -0.04      N
2001    10        26.69        26.75        26.96        27.02        -0.17      N
2001    11        26.37        26.77        27.06        27.15        -0.27      N
2001    12        26.17        26.62        27.02        27.12        -0.31      N
2002    01        26.44        26.61        27.03        27.09        -0.16      N
2002    02        26.79        26.80        27.17        27.25         0.01      N
2002    03        27.37        27.31        27.60        27.59         0.03      N
2002    04        27.87        27.90        27.86        27.85         0.06      N
2002    05        28.11        27.98        27.79        27.78         0.24      N
2002    06        28.27        27.76        27.42        27.37         0.46      N
2002    07        27.80        27.31        26.90        26.92         0.65      E
2002    08        27.50        26.90        26.66        26.72         0.81      E
2002    09        27.59        26.74        26.76        26.80         0.97      E
2002    10        27.73        26.75        27.09        27.02         1.19      E
2002    11        28.01        26.77        27.24        27.15         1.33      E
2002    12        28.03        26.62        27.32        27.12         1.14      E
2003    01        27.13        26.61        27.21        27.09         0.86      E
2003    02        27.38        26.80        27.38        27.25         0.48      N
2003    03        27.67        27.31        27.69        27.59         0.24      N
2003    04        27.79        27.90        27.89        27.85        -0.19      N
2003    05        27.40        27.98        27.72        27.78        -0.33      N
2003    06        27.62        27.76        27.31        27.37        -0.22      N
2003    07        27.40        27.31        26.94        26.92         0.04      N
2003    08        27.12        26.90        26.82        26.72         0.09      N
2003    09        26.88        26.74        26.88        26.80         0.17      N
2003    10        27.16        26.75        27.17        27.02         0.17      N
2003    11        26.98        26.77        27.26        27.15         0.25      N
2003    12        26.93        26.62        27.17        27.12         0.23      N
2004    01        26.89        26.61        27.19        27.09         0.24      N
2004    02        27.03        26.80        27.37        27.25         0.13      N
2004    03        27.28        27.31        27.57        27.59         0.08      N
2004    04        27.94        27.90        27.82        27.85         0.09      N
2004    05        27.96        27.98        27.61        27.78         0.20      N
2004    06        27.80        27.76        27.20        27.37         0.38      N
2004    07        27.74        27.31        26.82        26.92         0.55      E
2004    08        27.49        26.90        26.66        26.72         0.70      E
2004    09        27.39        26.74        26.84        26.80         0.72      E
2004    10        27.34        26.75        27.06        27.02         0.70      E
2004    11        27.43        26.77        27.23        27.15         0.71      E
2004    12        27.36        26.62        27.24        27.12         0.69      E
2005    01        27.26        26.61        27.25        27.09         0.55      E
2005    02        27.09        26.80        27.33        27.25         0.41      N
2005    03        27.71        27.31        27.74        27.59         0.27      N
2005    04        28.09        27.90        27.89        27.85         0.26      N
2005    05        28.20        27.98        27.82        27.78         0.21      N
2005    06        27.87        27.76        27.35        27.37         0.05      N
2005    07        27.04        27.31        26.86        26.92        -0.05      N
2005    08        26.82        26.90        26.70        26.72        -0.11      N
2005    09        26.70        26.74        26.76        26.80        -0.04      N
2005    10        26.64        26.75        26.93        27.02        -0.17      N
2005    11        26.19        26.77        26.98        27.15        -0.50      N
2005    12        25.67        26.62        26.96        27.12        -0.80      L
2006    01        25.74        26.61        26.97        27.09        -0.90      L
2006    02        26.09        26.80        27.16        27.25        -0.87      L
2006    03        26.51        27.31        27.47        27.59        -0.69      L
2006    04        27.53        27.90        27.75        27.85        -0.50      N
2006    05        27.82        27.98        27.75        27.78        -0.19      N
2006    06        27.74        27.76        27.36        27.37        -0.04      N
2006    07        27.34        27.31        26.91        26.92         0.15      N
2006    08        27.28        26.90        26.74        26.72         0.36      N
2006    09        27.34        26.74        26.89        26.80         0.57      E
2006    10        27.41        26.75        27.11        27.02         0.73      E
2006    11        27.66        26.77        27.32        27.15         0.91      E
2006    12        27.74        26.62        27.30        27.12         0.90      E
2007    01        27.25        26.61        27.21        27.09         0.62      E
2007    02        26.90        26.80        27.36        27.25         0.18      N
2007    03        27.14        27.31        27.54        27.59        -0.14      N
2007    04        27.63        27.90        27.79        27.85        -0.33      N
2007    05        27.48        27.98        27.67        27.78        -0.36      N
2007    06        27.52        27.76        27.33        27.37        -0.44      N
2007    07        26.83        27.31        26.89        26.92        -0.50      L
2007    08        26.18        26.90        26.60        26.72        -0.78      L
2007    09        25.66        26.74        26.64        26.80        -1.03      L
2007    10        25.42        26.75        26.74        27.02        -1.33      L
2007    11        25.07        26.77        26.77        27.15        -1.48      L
2007    12        24.96        26.62        26.74        27.12        -1.64      L
2008    01        24.82        26.61        26.72        27.09        -1.74      L
2008    02        25.00        26.80        26.91        27.25        -1.62      L
2008    03        26.07        27.31        27.28        27.59        -1.41      L
2008    04        26.85        27.90        27.58        27.85        -1.06      L
2008    05        27.15        27.98        27.54        27.78        -0.80      L
2008    06        27.12        27.76        27.14        27.37        -0.44      N
2008    07        27.13        27.31        26.79        26.92        -0.23      N
2008    08        26.74        26.90        26.67        26.72        -0.17      N
2008    09        26.49        26.74        26.81        26.80        -0.26      N
2008    10        26.45        26.75        26.98        27.02        -0.38      N
2008    11        26.28        26.77        27.07        27.15        -0.60      L
2008    12        25.74        26.62        27.03        27.12        -0.85      L
2009    01        25.63        26.61        27.00        27.09        -0.96      L
2009    02        26.02        26.80        27.10        27.25        -0.91      L
2009    03        26.58        27.31        27.50        27.59        -0.70      L
2009    04        27.54        27.90        27.79        27.85        -0.44      N
2009    05        28.05        27.98        27.85        27.78        -0.03      N
2009    06        28.17        27.76        27.55        27.37         0.26      N
2009    07        27.87        27.31        27.12        26.92         0.36      N
2009    08        27.44        26.90        26.94        26.72         0.42      N
2009    09        27.34        26.74        27.00        26.80         0.53      E
2009    10        27.60        26.75        27.24        27.02         0.87      E
2009    11        28.10        26.77        27.37        27.15         1.29      E
2009    12        28.37        26.62        27.43        27.12         1.50      E
2010    01        28.03        26.61        27.40        27.09         1.45      E
2010    02        28.07        26.80        27.60        27.25         1.12      E
2010    03        28.26        27.31        27.95        27.59         0.72      E
2010    04        28.34        27.90        28.18        27.85         0.10      N
2010    05        27.75        27.98        28.01        27.78        -0.52      L
2010    06        27.10        27.76        27.52        27.37        -0.99      L
2010    07        26.26        27.31        26.95        26.92        -1.21      L
2010    08        25.69        26.90        26.65        26.72        -1.39      L
2010    09        25.30        26.74        26.63        26.80        -1.54      L
2010    10        25.13        26.75        26.83        27.02        -1.62      L
2010    11        25.22        26.77        26.89        27.15        -1.63      L
2010    12        25.09        26.62        26.86        27.12        -1.55      L
2011    01        25.11        26.61        26.82        27.09        -1.43      L
2011    02        25.66        26.80        27.03        27.25        -1.21      L
2011    03        26.39        27.31        27.37        27.59        -0.97      L
2011    04        27.09        27.90        27.60        27.85        -0.77      L
2011    05        27.38        27.98        27.58        27.78        -0.52      L
2011    06        27.43        27.76        27.24        27.37        -0.28      N
2011    07        27.07        27.31        26.75        26.92        -0.29      N
2011    08        26.27        26.90        26.55        26.72        -0.41      N
2011    09        26.04        26.74        26.59        26.80        -0.70      L
2011    10        25.70        26.75        26.77        27.02        -0.91      L
2011    11        25.59        26.77        26.92        27.15        -1.02      L
2011    12        25.61        26.62        26.86        27.12        -0.96      L
2012    01        25.74        26.61        26.86        27.09        -0.77      L
2012    02        26.17        26.80        27.09        27.25        -0.60      L
2012    03        26.76        27.31        27.36        27.59        -0.50      N
2012    04        27.44        27.90        27.72        27.85        -0.42      N
2012    05        27.67        27.98        27.74        27.78        -0.25      N
2012    06        27.76        27.76        27.32        27.37         0.03      N
2012    07        27.55        27.31        26.88        26.92         0.34      N
2012    08        27.41        26.90        26.71        26.72         0.44      N
2012    09        27.09        26.74        26.84        26.80         0.37      N
2012    10        26.91        26.75        27.06        27.02         0.21      N
2012    11        26.98        26.77        27.26        27.15        -0.02      N
2012    12        26.47        26.62        27.25        27.12        -0.27      N
2013    01        26.16        26.61        27.13        27.09        -0.55      L
2013    02        26.28        26.80        27.29        27.25        -0.57      L
2013    03        27.06        27.31        27.64        27.59        -0.49      N
2013    04        27.66        27.90        27.87        27.85        -0.45      N
2013    05        27.58        27.98        27.79        27.78        -0.49      N
2013    06        27.24        27.76        27.26        27.37        -0.48      N
2013    07        26.93        27.31        26.85        26.92        -0.47      N
2013    08        26.37        26.90        26.65        26.72        -0.38      N
2013    09        26.56        26.74        26.80        26.80        -0.38      N
2013    10        26.43        26.75        27.00        27.02        -0.22      N
2013    11        26.74        26.77        27.19        27.15        -0.23      N
2013    12        26.42        26.62        27.12        27.12        -0.27      N
2014    01        26.21        26.61        27.08        27.09        -0.43      N
2014    02        26.31        26.80        27.20        27.25        -0.38      N
2014    03        27.21        27.31        27.57        27.59        -0.16      N
2014    04        28.12        27.90        27.90        27.85         0.12      N
2014    05        28.34        27.98        27.96        27.78         0.16      N
2014    06        27.98        27.76        27.59        27.37        -0.00      N
2014    07        27.22        27.31        27.03        26.92        -0.14      N
2014    08        26.88        26.90        26.85        26.72        -0.09      N
2014    09        27.01        26.74        26.95        26.80         0.06      N
2014    10        27.14        26.75        27.22        27.02         0.35      N
2014    11        27.53        26.77        27.35        27.15         0.54      E
2014    12        27.40        26.62        27.31        27.12         0.63      E
2015    01        27.16        26.61        27.26        27.09         0.55      E
2015    02        27.29        26.80        27.40        27.25         0.47      N
2015    03        27.84        27.31        27.74        27.59         0.59      E
2015    04        28.74        27.90        28.07        27.85         0.74      E
2015    05        28.90        27.98        28.08        27.78         0.92      E
2015    06        28.88        27.76        27.68        27.37         1.05      E
2015    07        28.69        27.31        27.26        26.92         1.28      E
2015    08        28.63        26.90        27.08        26.72         1.55      E
2015    09        28.77        26.74        27.30        26.80         1.81      E
2015    10        28.97        26.75        27.59        27.02         2.04      E
2015    11        29.24        26.77        27.76        27.15         2.19      E
2015    12        29.11        26.62        27.75        27.12         2.26      E
2016    01        29.11        26.61        27.82        27.09         2.16      E
2016    02        28.93        26.80        27.87        27.25         1.82      E
2016    03        28.93        27.31        28.24        27.59         1.33      E
2016    04        28.90        27.90        28.35        27.85         0.67      E
2016    05        28.39        27.98        28.20        27.78         0.06      N
2016    06        27.82        27.76        27.79        27.37        -0.45      N
2016    07        26.95        27.31        27.28        26.92        -0.70      L
2016    08        26.54        26.90        27.04        26.72        -0.80      L
2016    09        26.39        26.74        27.07        26.80        -0.87      L
2016    10        26.12        26.75        27.26        27.02        -0.96      L
2016    11        26.10        26.77        27.36        27.15        -0.96      L
2016    12        26.26        26.62        27.36        27.12        -0.89      L
2017    01        26.21        26.61        27.38        27.09        -0.61      L
2017    02        26.95        26.80        27.56        27.25        -0.44      N
2017    03        27.43        27.31        27.90        27.59        -0.18      N
2017    04        28.13        27.90        28.13        27.85        -0.10      N
2017    05        28.31        27.98        28.08        27.78        -0.02      N
2017    06        28.02        27.76        27.64        27.37        -0.04      N
2017    07        27.51        27.31        27.23        26.92        -0.23      N
2017    08        26.78        26.90        27.05        26.72        -0.46      N
2017    09        26.40        26.74        27.05        26.80        -0.62      L
2017    10        26.44        26.75        27.21        27.02        -0.82      L
2017    11        25.99        26.77        27.30        27.15        -0.97      L
2017    12        25.71        26.62        27.15        27.12        -1.14      L
2018    01        25.73        26.61        27.12        27.09        -1.08      L
2018    02        26.08        26.80        27.27        27.25        -1.04      L
2018    03        26.53        27.31        27.59        27.59        -0.91      L
2018    04        27.45        27.90        27.92        27.85        -0.70      L
2018    05        27.87        27.98        27.88        27.78        -0.32      N
2018    06        27.86        27.76        27.45        27.37        -0.01      N
2018    07        27.56        27.31        27.01        26.92         0.09      N
2018    08        27.07        26.90        26.85        26.72         0.17      N
2018    09        27.15        26.74        26.98        26.80         0.35      N
2018    10        27.65        26.75        27.30        27.02         0.63      E
2018    11        27.79        26.77        27.46        27.15         0.83      E
2018    12        27.65        26.62        27.45        27.12         0.78      E
2019    01        27.41        26.61        27.40        27.09         0.69      E
2019    02        27.56        26.80        27.57        27.25         0.64      E
2019    03        28.18        27.31        27.91        27.59         0.58      E
2019    04        28.55        27.90        28.18        27.85         0.55      E
2019    05        28.64        27.98        28.12        27.78         0.38      N
2019    06        28.33        27.76        27.74        27.37         0.24      N
2019    07        27.69        27.31        27.25        26.92         0.04      N
2019    08        27.02        26.90        26.99        26.72        -0.12      N
2019    09        26.79        26.74        27.04        26.80        -0.01      N
2019    10        27.43        26.75        27.38        27.02         0.15      N
2019    11        27.44        26.77        27.58        27.15         0.29      N
2019    12        27.24        26.62        27.59        27.12         0.23      N
2020    01        27.27        26.61        27.61        27.09         0.15      N
2020    02        27.26        26.80        27.67        27.25         0.10      N
2020    03        27.80        27.31        28.04        27.59         0.03      N
2020    04        28.34        27.90        28.31        27.85        -0.26      N
2020    05        27.78        27.98        28.15        27.78        -0.57      L
2020    06        27.39        27.76        27.68        27.37        -0.72      L
2020    07        27.20        27.31        27.26        26.92        -0.75      L
2020    08        26.42        26.90        26.99        26.72        -0.84      L
2020    09        25.97        26.74        26.96        26.80        -1.16      L
2020    10        25.60        26.75        27.09        27.02        -1.37      L
2020    11        25.58        26.77        27.19        27.15        -1.46      L
2020    12        25.46        26.62        27.10        27.12        -1.39      L
2021    01        25.49        26.61        26.99        27.09        -1.33      L
2021    02        25.72        26.80        27.19        27.25        -1.18      L
2021    03        26.57        27.31        27.58        27.59        -1.09      L
2021    04        27.17        27.90        27.82        27.85        -0.90      L
2021    05        27.48        27.98        27.81        27.78        -0.68      L
2021    06        27.54        27.76        27.44        27.37        -0.57      L
2021    07        26.93        27.31        27.08        26.92        -0.60      L
2021    08        26.38        26.90        26.88        26.72        -0.76      L
2021    09        26.18        26.74        26.93        26.80        -0.94      L
2021    10        25.84        26.75        27.09        27.02        -1.08      L
2021    11        25.83        26.77        27.22        27.15        -1.24      L
2021    12        25.57        26.62        27.11        27.12        -1.22      L
2022    01        25.80        26.61        27.22        27.09        -1.18      L
2022    02        26.00        26.80        27.30        27.25        -1.13      L
2022    03        26.49        27.31        27.64        27.59        -1.19      L
2022    04        26.89        27.90        27.80        27.85        -1.28      L
2022    05        26.95        27.98        27.70        27.78        -1.18      L
2022    06        27.05        27.76        27.38        27.37        -0.94      L
2022    07        26.70        27.31        26.89        26.92        -0.86      L
2022    08        26.05        26.90        26.73        26.72        -0.94      L
2022    09        25.80        26.74        26.80        26.80        -1.07      L
2022    10        25.84        26.75        26.98        27.02        -1.10      L
2022    11        25.82        26.77        27.13        27.15        -1.05      L
2022    12        25.85        26.62        27.14        27.12        -0.99      L
2023    01        25.92        26.61        27.10        27.09        -0.87      L
2023    02        26.24        26.80        27.27        27.25        -0.68      L
2023    03        27.20        27.31        27.81        27.59        -0.56      L
2023    04        27.92        27.90        28.21        27.85        -0.31      N
2023    05        28.36        27.98        28.16        27.78        -0.02      N
2023    06        28.50        27.76        27.81        27.37         0.30      N
2023    07        28.24        27.31        27.44        26.92         0.55      E
2023    08        28.15        26.90        27.29        26.72         0.79      E
2023    09        28.26        26.74        27.40        26.80         1.05      E
2023    10        28.39        26.75        27.63        27.02         1.30      E
2023    11        28.72        26.77        27.83        27.15         1.43      E
2023    12        28.55        26.62        27.84        27.12         1.41      E
2024    01        28.39        26.61        27.92        27.09         1.15      E
2024    02        28.22        26.80        28.09        27.25         0.79      E
2024    03        28.31        27.31        28.28        27.59         0.44      N
2024    04        28.69        27.90        28.55        27.85         0.05      N
2024    05        28.22        27.98        28.32        27.78        -0.29      N
2024    06        27.78        27.76        27.83        27.37        -0.45      N
2024    07        27.42        27.31        27.37        26.92        -0.49      N
2024    08        26.87        26.90        27.13        26.72        -0.56      L
2024    09        26.49        26.74        27.18        26.80        -0.67      L
2024    10        26.58        26.75        27.45        27.02        -0.76      L
2024    11        26.50        26.77        27.54        27.15        -0.88      L
2024    12        26.00        26.62        27.39        27.12        -1.04      L
2025    01        25.92        26.61        27.38        27.09        -1.10      L
2025    02        26.36        26.80        27.57        27.25        -0.85      L
2025    03        27.40        27.31        27.94        27.59        -0.66      L
2025    04        27.70        27.90        28.11        27.85        -0.51      L
2025    05        27.87        27.98        28.04        27.78        -0.47      N
2025    06        27.72        27.76        27.54        27.37        -0.36      N
2025    07        27.25        27.31        27.13        26.92        -0.40      N
2025    08        26.57        26.90        26.92        26.72        -0.59      L
2025    09        26.28        26.74        27.02        26.80        -0.78      L
2025    10        26.16        26.75        27.16        27.02        -0.93      L
2025    11        25.99        26.77        27.25        27.15        -0.97      L
2025    12        25.99        26.62        27.26        27.12        -1.03      L
2026    01        25.93        26.61        27.28        27.09        -0.91      L
2026    02        26.55        26.80        27.54        27.25        -0.76      L
2026    03        27.25        27.31        27.90        27.59        -0.45      N
2026    04        28.23        27.90        28.27        27.85        -0.04      N
2026    05        28.81        27.98        28.23        27.78         0.51      E
2026    06        29.17        27.76        27.94        27.37         1.00      E
2026    07        29.06        27.31        27.54        26.92         1.36      E
2026    08        29.04        26.90        27.42        26.72       -99.99      M
